Город;id вуза;Аббревиатура;Крупное направление;Направление подготовки;id профиля;Профиль;Факультет;Есть набор в 2020 году;2020 очная Прох.балл Бюджет 1 волна;2020 очная Прох.балл Бюджет 2 волна;2020 очная Прох.балл Платно ;2020 очная Число мест Бюджет;2020 очная Число мест Платно;2020 очная Конкурс Бюджет ;2020 очная Конкурс Платно ;2020 очная Срок;2020 очная Стоимость;2020 очно-заочная Прох.балл Бюджет ;2020 очно-заочная Число мест Бюджет;2020 очно-заочная Число мест Платно;2020 очно-заочная Срок;2020 очно-заочная Стоимость;2020 заочная Прох.балл Бюджет ;2020 заочная Число мест Бюджет;2020 заочная Число мест Платно;2020 заочная Срок;2020 заочная Стоимость;2019 очная Прох.балл Бюджет 1 волна;2019 очная Прох.балл Бюджет 2 волна;2019 очная Прох.балл Платно;2019 очная Число мест Бюджет;2019 очная Число мест Платно;2019 очная Конкурс Бюджет;2019 очная Конкурс Платно;2019 очная Срок;2019 очная Стоимость;2019 очно-заочная Прох.балл Бюджет;2019 очно-заочная Число мест Бюджет;2019 очно-заочная Число мест Платно;2019 очно-заочная Срок;2019 очно-заочная Стоимость;2019 заочная Прох.балл Бюджет;2019 заочная Число мест Бюджет;2019 заочная Число мест Платно;2019 заочная Срок;2019 заочная Стоимость;2018 очная Прох.балл Бюджет 1 волна;2018 очная Прох.балл Бюджет 2 волна;2018 очная Прох.балл Платно;2018 очная Число мест Бюджет;2018 очная Число мест Платно;2018 очная Конкурс Бюджет;2018 очная Конкурс Платно;2018 очная Срок;2018 очная Стоимость;2018 очно-заочная Прох.балл Бюджет;2018 очно-заочная Число мест Бюджет;2018 очно-заочная Число мест Платно;2018 очно-заочная Срок;2018 очно-заочная Стоимость;2018 заочная Прох.балл Бюджет;2018 заочная Число мест Бюджет;2018 заочная Число мест Платно;2018 заочная Срок;2018 заочная Стоимость;2017 очная Прох.балл Бюджет 1 волна;2017 очная Прох.балл Бюджет 2 волна;2017 очная Прох.балл Платно;2017 очная Число мест Бюджет;2017 очная Число мест Платно;2017 очная Конкурс Бюджет;2017 очная Конкурс Платно;2017 очная Срок;2017 очная Стоимость;2017 очно-заочная Прох.балл Бюджет;2017 очно-заочная Число мест Бюджет;2017 очно-заочная Число мест Платно;2017 очно-заочная Срок;2017 очно-заочная Стоимость;2017 заочная Прох.балл Бюджет;2017 заочная Число мест Бюджет;2017 заочная Число мест Платно;2017 заочная Срок;2017 заочная Стоимость;2016 очная Прох.балл Бюджет 1 волна;2016 очная Прох.балл Бюджет 2 волна;2016 очная Прох.балл Платно;2016 очная Число мест Бюджет;2016 очная Число мест Платно;2016 очная Конкурс Бюджет;2016 очная Конкурс Платно;2016 очная Срок;2016 очная Стоимость;2016 очно-заочная Прох.балл Бюджет;2016 очно-заочная Число мест Бюджет;2016 очно-заочная Число мест Платно;2016 очно-заочная Срок;2016 очно-заочная Стоимость;2016 заочная Прох.балл Бюджет;2016 заочная Число мест Бюджет;2016 заочная Число мест Платно;2016 заочная Срок;2016 заочная Стоимость;Содержание программы;Профессии;Адрес обучения по данному профилю;Min балл Мат;Min балл Рус;Min балл Общ;Min балл Физ;Min балл Био;Min балл Ист;Min балл Иняз;Min балл Хим;Min балл Лит;Min балл Инф;Min балл Гео;Мат;Рус;Общ;Физ;Био;Ист;Иняз;Хим;Лит;Инф;Гео;ДВИ1;ДВИ2;ДВИ3;ДВИ4;ДВИ5;ДВИ6;ДВИ7;Золотая медаль;Значок ГТО;Перечневая олимпиада;Волонтерство;Итоговое сочинение;КОНЕЦ ТАБЛИЦЫ
г. Москва;0006;НИУ «МЭИ»;Математические науки;01.03.02 Прикладная математика и информатика;000312;Математическое и программное обеспечение вычислительных машин и компьютерных сетей;Институт Информационных и вычислительных технологий ИВТИ;Да;;;;60;40;;;4;;;0;0;;;;0;0;;;255;249;105;100;20;;;4; 198,000    ;Набора не было;0;0;;;Набора не было;0;0;;;;;;;;;;;;;;;;;;;;;;;;;;;;;;;;;;;;;;;;;;;;;;;;;;;;;;;;;;;;Студенты МЭИ учатся выполнять работы по технологической подготовке производства материалов и изделий квантовой электроники и электронной техники, осуществлять контроль соответствия разрабатываемых проектов и технической документации стандартам, а также работать в профильных компьютерных программах.;Инженер-исследователь, инженер-физик, инженер-электроник, инженер электронной техники, специалист по технологиям и приборам квантовой электроники и фотоники;г. Москва, ул. Красноказарменная, д. 17;39;40;;;;;;;;42;;2;1;0;0;0;0;0;0;0;1;0;;;;;;;;5;1;5;0;0;
г. Москва;0006;НИУ «МЭИ»;Математические науки;01.03.02 Прикладная математика и информатика;000313;Математическое моделирование;Институт Информационных и вычислительных технологий ИВТИ;Да;;;;40;20;;;4;;;0;0;;;;0;0;;;255;249;105;100;20;;;4; 198,000    ;Набора не было;0;0;;;Набора не было;0;0;;;;;;;;;;;;;;;;;;;;;;;;;;;;;;;;;;;;;;;;;;;;;;;;;;;;;;;;;;;;Студенты МЭИ изучают следующие предметы: инженерная и компьютерная графика, информационные технологии, метрология и радиоизмерения, электродинамика и распространение радиоволн. Дополнительно учащиеся получают навыки в области теории систем и комплексов радиоэлектронной борьбы, радиоматериалов и радиокомпонентов, радиотехнических цепей и сигналов.;Инженер-исследователь по развитию спутниковых навигационных систем, инженер-конструктор радиоэлектронной аппаратуры, инженер по приборам ориентации, навигации и стабилизации летательных аппаратов, инженер-радиотехник, инженер-радиоэлектронщик, радиофизик;г. Москва, ул. Красноказарменная, д. 17;39;40;;;;;;;;42;;2;1;0;0;0;0;0;0;0;1;0;;;;;;;;5;1;5;0;0;
г. Москва;0006;НИУ «МЭИ»;Архитектура и технологии строительства;08.03.01 Строительство;209102;Промышленное гражданское и энергетическое строительство;Институт гидроэнергетики и возобновляемых источников;Да;;;;18;10;;;4;;;0;25;5;;;0;50;5;;205;195;162;17;25;;;4; 220,000    ;Набора не было;0;25;5;92,000;Набора не было;0;25;5; 93,000 ;;;;;;;;;;;;;;;;;;;;;;;;;;;;;;;;;;;;;;;;;;;;;;;;;;;;;;;;;;Отдельное внимание учащиеся уделяют исследованию особенностей промышленного и гражданского строительства. Студенты учатся разрабатывать проекты реконструкции, застройки и планировки городских и сельских поселений, жилых районов и микрорайонов, промышленных сооружений, транспортных систем, проводить обследование и строительную экспертизу безопасности различных сооружений, а также выполнять работы по реконструкции зданий, сооружений и объектов историко-культурного наследия.;"Арматурщик; архитектор; архитектор-реставратор; градостроитель; инженер транспортного строительства; инженер-проектировщик; инженер-сметчик; инженер-строитель; ландшафтный архитектор; маркетолог; маркшейдер; риелтор; специалист по монолиту; специалист по облицовочным работам; специалист по отделочным работам; строитель; эколог градостроительства; энергетик";г. Москва, ул. Красноказарменная, д. 17;39;40;;40;;;;;;;;1;1;0;2;0;0;0;0;0;0;0;;;;;;;;5;1;5;0;0;
г. Москва;0006;НИУ «МЭИ»;Компьютерные и информационные науки;09.03.01 Информатика и вычислительная техника;000316;Вычислительно-измерительные системы;Институт Информационных и вычислительных технологий ИВТИ;Да;;;;150;30;;;4;;;0;0;;;;0;0;;;246;243;133;150;30;;;4; 220,000    ;Набора не было;0;0;;;Набора не было;0;0;;;;;;;;;;;;;;;;;;;;;;;;;;;;;;;;;;;;;;;;;;;;;;;;;;;;;;;;;;;;Студенты МЭИ получают знания в области технологий, энергоиспользования, эксплуатации в промышленной теплоэнергетике, получают навыки в системах производства и распределения энергоносителей, обеспечения надёжности теплоэнергетических систем, приобретают знания в области теплотехники, теплогенерирующих установок, моделирования, алгоритмизации и оптимизации элементов и систем теплоэнергоснабжения.;Инженер-проектировщик тепловых сетей, инженер-теплотехник, инженер-теплоэнергетик, инженер-энергетик;г. Москва, ул. Красноказарменная, д. 17;39;40;;40;;;;;;42;;2;1;0;0;0;0;0;0;0;1;0;;;;;;;;5;1;5;0;0;
г. Москва;0006;НИУ «МЭИ»;Компьютерные и информационные науки;09.03.01 Информатика и вычислительная техника;000318;Вычислительные машины, комплексы, системы и сети;Институт Информационных и вычислительных технологий ИВТИ;Да;;;;150;30;;;4;;;0;0;;;;0;0;;;246;243;133;150;30;;;4; 220,000    ;Набора не было;0;0;;;Набора не было;0;0;;;;;;;;;;;;;;;;;;;;;;;;;;;;;;;;;;;;;;;;;;;;;;;;;;;;;;;;;;;;Студенты МЭИ изучают процессы энергообеспечения промышленных предприятий и объектов ЖКХ, объекты малой энергетики, установки, системы и комплексы промышленных технологий. Отдельное внимание уделяется применению новых технологий в профильной сфере.;Инженер-теплотехник, инженер-теплоэнергетик, менеджер по модернизации систем энергогенерации;г. Москва, ул. Красноказарменная, д. 17;39;40;;40;;;;;;42;;2;1;0;0;0;0;0;0;0;1;0;;;;;;;;5;1;5;0;0;
г. Москва;0006;НИУ «МЭИ»;Компьютерные и информационные науки;09.03.01 Информатика и вычислительная техника;000317;Системы автоматизированного проектирования;Институт Информационных и вычислительных технологий ИВТИ;Да;;;;150;30;;;4;;;0;0;;;;0;0;;;246;243;133;150;30;;;4; 220,000    ;Набора не было;0;0;;;Набора не было;0;0;;;;;;;;;;;;;;;;;;;;;;;;;;;;;;;;;;;;;;;;;;;;;;;;;;;;;;;;;;;;Студенты МЭИ получают знания в области теплотехнологий, теплотехнических процессов и установок, получают навыки в энергосбережении, организации испытаний теплотехнических систем, приобретают знания в области теплотехники, гидрогазодинамики, моделирования, автоматизированнного проектирования.;Инженер-проектировщик систем теплоснабжения, инженер-проектировщик тепловых сетей, инженер теплоснабжения и вентиляции, инженер-теплотехник, инженер-теплофизик, инженер-теплоэнергетик, инженер-энергетик;г. Москва, ул. Красноказарменная, д. 17;39;40;;40;;;;;;42;;2;1;0;0;0;0;0;0;0;1;0;;;;;;;;5;1;5;0;0;
г. Москва;0006;НИУ «МЭИ»;Компьютерные и информационные науки;09.03.01 Информатика и вычислительная техника;000309;Автоматизированные системы обработки информации и управления;Институт Информационных и вычислительных технологий ИВТИ;"Нет
";;;;0;0;;;;;;0;0;;;;0;0;;;246;243;133;150;30;;;4; 220,000    ;Набора не было;0;0;;;Набора не было;0;0;;;;;;;;;;;;;;;;;;;;;;;;;;;;;;;;;;;;;;;;;;;;;;;;;;;;;;;;;;;;Студенты МЭИ изучают современные электронные системы и устройства, применяемые в промышленности. Сюда относятся как микропроцессорные системы, осуществляющие сбор и обработку информации, компьютерные системы, осуществляющие управление сложными технологическими процессами, так и системы силовой электроники, обеспечивающие работу сложных производственных механизмов и устройств.;Инженер-электроник, инженер электронной техники, инженер-электронщик;г. Москва, ул. Красноказарменная, д. 17;39;40;;40;;;;;;;;2;1;0;1;0;0;0;0;0;0;0;;;;;;;;5;1;5;0;0;
г. Москва;0006;НИУ «МЭИ»;Компьютерные и информационные науки;09.03.03 Прикладная информатика;000307;Прикладная информатика в экономике;Инженерно-экономический институт;Да;;;;20;100;;;4;;;15;100;5;;;0;100;5;;232;263;136;15;40;;;4; 220,000    ;Набора не было;0;100;5;102,000;Набора не было;0;100;5; 86,000 ;;;;;;;;;;;;;;;;;;;;;;;;;;;;;;;;;;;;;;;;;;;;;;;;;;;;;;;;;;Студенты МЭИ изучают комплекс дисциплин в сфере радиотехники. Дополнительно учащиеся получают навыки составления технической документации, работы с профессиональным оборудованием.;Программист-разработчик, радиомонтажник, инженер связи, радиоинженер, радиоэлектронщик, инженер-схемотехник, инженер по телекоммуникациям, инженер-микроэлектронщик;г. Москва, ул. Красноказарменная, д. 17;39;40;;;;;;;;42;;2;1;0;0;0;0;0;0;0;1;0;;;;;;;;5;1;5;0;0;
г. Москва;0006;НИУ «МЭИ»;Компьютерные и информационные науки;10.03.01 Информационная безопасность;000311;Безопасность компьютерных систем;Инженерно-экономический институт;Да;;;;15;55;;;4;;;15;200;5;;;0;0;;;235;263;125;14;30;;;4; 220,000    ;Набора не было;0;100;5;102,000;Набора не было;0;0;;;;;;;;;;;;;;;;;;;;;;;;;;;;;;;;;;;;;;;;;;;;;;;;;;;;;;;;;;;;Студенты МЭИ учатся выполнять расчёты и проектирование электронных приборов, разрабатывать программы испытания и системы контроля новых электронных средств, а также проводить научные исследования в области твердотельной электроники и микроэлектроники.;Программист-разработчик, электроник, инженер-схемотехник, нанотехнолог, нанофизик, инженер-микроэлектронщик, электронщик;г. Москва, ул. Красноказарменная, д. 17;39;40;;;;;;;;42;;2;1;0;0;0;0;0;0;0;1;0;;;;;;;;5;1;5;0;0;
г. Москва;0006;НИУ «МЭИ»;Компьютерные и информационные науки;10.03.01 Информационная безопасность;000308;Организация и технология защиты информации;Инженерно-экономический институт;Да;;;;30;145;;;4;;;0;0;;;;0;0;;;258;263;130;30;30;;;4; 220,000    ;Набора не было;0;0;;;Набора не было;0;0;;;;;;;;;;;;;;;;;;;;;;;;;;;;;;;;;;;;;;;;;;;;;;;;;;;;;;;;;;;;Учащиеся МЭИ уделяют особое внимание изучению электроники, а также нанотехнологиям. Студенты учатся решать технологические задачи, разрабатывать инновационные изделия, а также проводить профессиональные исследования.;Инженер-электроник, инженер-схемотехник, электрик, инженер, техник;г. Москва, ул. Красноказарменная, д. 17;39;40;;;;;;;;42;;2;1;0;0;0;0;0;0;0;1;0;;;;;;;;5;1;5;0;0;
г. Москва;0006;НИУ «МЭИ»;Приборостроение;11.03.01 Радиотехника;000314;Радиотехнические средства передачи, приема и обработки сигналов;Институт радиотехники и электроники;Да;;;;95;20;;;4;;;0;0;;;;0;0;;;202;199;175;100;20;;;4; 220,000    ;Набора не было;0;0;;;Набора не было;0;0;;;;;;;;;;;;;;;;;;;;;;;;;;;;;;;;;;;;;;;;;;;;;;;;;;;;;;;;;;;;Студенты МЭИ учатся оценивать степень контролепригодности объектов, осуществлять основные технологические операции по контролю объектов с использованием универсальных и специализированных видов средств контроля, а также работать с профессиональным оборудованием.;Инженер-конструктор, инженер-конструктор радиоэлектронной аппаратуры, инженер-системотехник, инженер-схемотехник;г. Москва, ул. Красноказарменная, д. 17;39;40;;40;;;;;;;;2;1;0;1;0;0;0;0;0;0;0;;;;;;;;5;1;5;0;0;
г. Москва;0006;НИУ «МЭИ»;Приборостроение;11.03.04 Электроника и наноэлектроника;000310;Нанотехнология в электронике;Институт электротехники;"Нет
";;;;0;0;;;;;;0;0;;;;0;0;;;215;207;166;25;3;;;4; 220,000    ;Набора не было;0;0;;;Набора не было;0;0;;;;;;;;;;;;;;;;;;;;;;;;;;;;;;;;;;;;;;;;;;;;;;;;;;;;;;;;;;;;Студенты МЭИ специализируются на изучении светотехники и источников света. В курсе учащиеся познакомятся с различными техническими дисциплинами, получат навыки работа с профессиональным оборудованием.;Инженер оптико-электронных приборов, инженер-электроник, инженер электронной техники, светоэлектротехник;г. Москва, ул. Красноказарменная, д. 17;39;40;;40;;;;;;;;2;1;0;1;0;0;0;0;0;0;0;;;;;;;;5;1;5;0;0;
г. Москва;0006;НИУ «МЭИ»;Приборостроение;11.03.04 Электроника и наноэлектроника;209784;Лазерная и оптическая измерительная электроника;Институт радиотехники и электроники;Да;;;;150;20;;;4;;;0;0;;;;0;0;;;213;208;151;150;20;;;4; 220,000    ;Набора не было;0;0;;;Набора не было;0;0;;;;;;;;;;;;;;;;;;;;;;;;;;;;;;;;;;;;;;;;;;;;;;;;;;;;;;;;;;;;Студенты МЭИ учатся проводить сбор и анализ материалов организаций и предприятий для принятия мер по обеспечению информационной безопасности, находить возможные каналы утечки сведений, представляющих государственную, военную, служебную или коммерческую тайну, а также разрабатывать предложения по совершенствованию и повышению эффективности средств информационной безопасности.;Администратор базы данных, программист, специалист организационно-правовой защиты информации, специалист программно-аппаратной защиты информации, ERP-программист, IT-специалист, инженер по защите информации, специалист SAP, специалист по технической защите информации, разработчик баз данных;г. Москва, ул. Красноказарменная, д. 17;39;40;;40;;;;;;;;2;1;0;1;0;0;0;0;0;0;0;;;;;;;;5;1;5;0;0;
г. Москва;0006;НИУ «МЭИ»;Приборостроение;11.03.04 Электроника и наноэлектроника;000305;Микроэлектроника и твердотельная электроника;Институт радиотехники и электроники;Да;;;;150;20;;;4;;;0;0;;;;0;0;;;213;208;151;150;20;;;4; 220,000    ;Набора не было;0;0;;;Набора не было;0;0;;;;;;;;;;;;;;;;;;;;;;;;;;;;;;;;;;;;;;;;;;;;;;;;;;;;;;;;;;;;Студенты МЭИ учатся проводить сбор и анализ материалов организаций и предприятий для принятия мер по обеспечению информационной безопасности, находить возможные каналы утечки сведений, представляющих государственную, военную, служебную или коммерческую тайну, а также разрабатывать предложения по совершенствованию и повышению эффективности средств информационной безопасности.;Администратор базы данных, программист, специалист организационно-правовой защиты информации, специалист программно-аппаратной защиты информации, ERP-программист, IT-специалист, инженер по защите информации, специалист SAP, специалист по технической защите информации, разработчик баз данных;г. Москва, ул. Красноказарменная, д. 17;39;40;;40;;;;;;;;2;1;0;1;0;0;0;0;0;0;0;;;;;;;;5;1;5;0;0;
г. Москва;0006;НИУ «МЭИ»;Приборостроение;11.03.04 Электроника и наноэлектроника;000303;Промышленная электроника;Институт радиотехники и электроники;Да;;;;150;20;;;4;;;0;0;;;;0;0;;;213;208;151;150;20;;;4; 220,000    ;Набора не было;0;0;;;Набора не было;0;0;;;;;;;;;;;;;;;;;;;;;;;;;;;;;;;;;;;;;;;;;;;;;;;;;;;;;;;;;;;;Студенты МЭИ учатся разрабатывать бортовые резервированные вычислительные систем обработки информации различных фото-приемных устройств для космических аппаратов, осуществляющих наблюдение за земной поверхностью.;IT-специалист, mobile-разработчик, WEB-администратор, WEB-дизайнер, WEB-программист, администратор базы данных, оператор ЭВМ, программист, разработчик баз данных, системный аналитик, системный программист, специалист SAP, трафик-менеджер, электроник;г. Москва, ул. Красноказарменная, д. 17;39;40;;40;;;;;;;;2;1;0;1;0;0;0;0;0;0;0;;;;;;;;5;1;5;0;0;
г. Москва;0006;НИУ «МЭИ»;Приборостроение;11.03.04 Электроника и наноэлектроника;000304;Светотехника и источники света;Институт радиотехники и электроники;Да;;;;150;20;;;4;;;0;0;;;;0;0;;;213;208;151;150;20;;;4; 220,000    ;Набора не было;0;0;;;Набора не было;0;0;;;;;;;;;;;;;;;;;;;;;;;;;;;;;;;;;;;;;;;;;;;;;;;;;;;;;;;;;;;;В рамках обучения студенты МЭИ делают упор на изучение экономических процессов, а также учатся применять методы информатики в экономике. Бакалавры МЭИУ учатся проводить оценку экономических затрат на проекты по информатизации и автоматизации решения прикладных задач, разрабатывать варианты автоматизированного решения прикладных задач, а также моделировать прикладные и информационные процессы.;Системный администратор, администратор базы данных, программист, аналитик компьютерных данных, разработчик компьютерных программ, системный инженер, специалист по обслуживанию компьютерных сетей, оператор базы данных, специалист по проектированию информационных систем, mobile-разработчик;г. Москва, ул. Красноказарменная, д. 17;39;40;;40;;;;;;;;2;1;0;1;0;0;0;0;0;0;0;;;;;;;;5;1;5;0;0;
г. Москва;0006;НИУ «МЭИ»;Приборостроение;11.03.04 Электроника и наноэлектроника;000306;Квантовая электроника;Институт радиотехники и электроники;"Нет
";;;;0;0;;;;;;0;0;;;;0;0;;;213;208;151;150;20;;;4; 220,000    ;Набора не было;0;0;;;Набора не было;0;0;;;;;;;;;;;;;;;;;;;;;;;;;;;;;;;;;;;;;;;;;;;;;;;;;;;;;;;;;;;;Студенты МЭИ учатся проводить сбор и анализ материалов организаций и предприятий для принятия мер по обеспечению информационной безопасности, находить возможные каналы утечки сведений, представляющих государственную, военную, служебную или коммерческую тайну, а также разрабатывать и оформлять проектную и рабочую техническую документацию согласно стандартам.;Администратор базы данных, программист, специалист организационно-правовой защиты информации, специалист программно-аппаратной защиты информации, ERP-программист, IT-специалист, инженер по защите информации, специалист SAP, специалист по технической защите информации, разработчик баз данных;г. Москва, ул. Красноказарменная, д. 17;39;40;;40;;;;;;;;2;1;0;1;0;0;0;0;0;0;0;;;;;;;;5;1;5;0;0;
г. Москва;0006;НИУ «МЭИ»;Приборостроение;11.05.01 Радиоэлектронные системы и комплексы;000301;Радионавигационные системы и комплексы;Институт радиотехники и электроники;Да;;;;47;10;;;5.5;;;0;0;;;;0;0;;;198;195;150;38;10;;;5.5; 220,000    ;Набора не было;0;0;;;Набора не было;0;0;;;;;;;;;;;;;;;;;;;;;;;;;;;;;;;;;;;;;;;;;;;;;;;;;;;;;;;;;;;;Студенты МЭИ изучают различные вычислительно-измерительные системы, их свойства, устройство, а также назначение. Дополнительно учащиеся получают навыки работы с профессиональным оборудованием.;Инженер-электрик, инженер-энергетик, диспетчер энергосистемы, инженер-электротехник;г. Москва, ул. Красноказарменная, д. 17;39;40;;40;;;;;;;;2;1;0;1;0;0;0;0;0;0;0;;;;;;;;5;1;5;0;0;
г. Москва;0006;НИУ «МЭИ»;Приборостроение;12.03.01 Приборостроение;000302;Приборы и методы контроля качества и диагностики;Институт Информационных и вычислительных технологий ИВТИ;Да;;;;21;5;;;4;;;0;0;;;;0;0;;;216;214;171;30;5;;;4; 220,000    ;Набора не было;0;0;;;Набора не было;0;0;;;;;;;;;;;;;;;;;;;;;;;;;;;;;;;;;;;;;;;;;;;;;;;;;;;;;;;;;;;;Студенты МЭИ осваивают компьютеризированные системы проектирования, методологию реализации проектов с использованием современных информационных технологий, приобретают навыки по управлению ресурсами IT-проектов.;Программист, разработчик программного обеспечения, разработчик математических и компьютерных моделей, системный программист, специалист по математическому моделированию;г. Москва, ул. Красноказарменная, д. 17;39;40;;40;;;;;;;;2;1;0;1;0;0;0;0;0;0;0;;;;;;;;5;1;5;0;0;
г. Москва;0006;НИУ «МЭИ»;Приборостроение;12.03.04 Биотехнические системы и технологии;000298;Биотехнические и медицинские аппараты и системы;Институт радиотехники и электроники;Да;;;;40;10;;;4;;;0;0;;;;0;0;;;247;244;153;29;10;;;4; 220,000    ;Набора не было;0;0;;;Набора не было;0;0;;;;;;;;;;;;;;;;;;;;;;;;;;;;;;;;;;;;;;;;;;;;;;;;;;;;;;;;;;;;В процессе обучения в МЭИ студенты изучают современные технологии разработки программного обеспечения, осваивают около десятка классических и современных языков программирования, разрабатывают аналитические системы, базы данных, архиваторы, Интернет-приложения, системы шифрования, компьютерные игры и компиляторы.;IT-специалист, mobile-разработчик, WEB-администратор, WEB-дизайнер, WEB-программист, администратор базы данных, оператор ЭВМ, программист, разработчик баз данных, системный аналитик, системный программист, специалист SAP, трафик-менеджер, электроник;г. Москва, ул. Красноказарменная, д. 17;39;40;;40;;;;;;;;2;1;0;1;0;0;0;0;0;0;0;;;;;;;;5;1;5;0;0;
г. Москва;0006;НИУ «МЭИ»;Электроэнергетика, теплоэнергетика, ядерная физика;13.03.01 Теплоэнергетика и теплотехника;000320;Экономика и управление на предприятии теплоэнергетики;Институт энергоэффективности и водородных технологий ИЭВТ;Да;;;;210;50;;;4;;;0;0;;;;0;0;;;201;196;137;210;50;;;4; 220,000    ;Набора не было;0;0;;;Набора не было;0;15;5; 86,000 ;;;;;;;;;;;;;;;;;;;;;;;;;;;;;;;;;;;;;;;;;;;;;;;;;;;;;;;;;;Студенты МЭИ изучают комплекс экономических наук. Важным аспектов обучения на программе в МЭИ является то, что выпускник будет разбираться не только в экономики и управлении, но и в деятельности предприятия.;Инженер по организации и нормированию труда, инженер по организации труда, инженер-экономист;г. Москва, ул. Красноказарменная, д. 17;39;40;;40;;;;;;;;2;1;0;1;0;0;0;0;0;0;0;;;;;;;;5;1;5;0;0;
г. Москва;0006;НИУ «МЭИ»;Электроэнергетика, теплоэнергетика, ядерная физика;13.03.01 Теплоэнергетика и теплотехника;000323;Автоматизация технологических процессов в теплоэнергетике;Институт тепловой и атомной энергетики;Да;;;;175;15;;;4;;;15;25;5;;;0;0;;;201;196;134;175;15;;;4; 220,000    ;Набора не было;0;25;5;120,000;Набора не было;0;0;;;;;;;;;;;;;;;;;;;;;;;;;;;;;;;;;;;;;;;;;;;;;;;;;;;;;;;;;;;;Студенты МЭИ изучают комплекс технических дисциплин, особое внимание уделяют формированию навыков в области инженерной и компьютерной графике, механике, материаловедении и технологии конструкционных материалов.;Инженер по автоматизации, инженер-схемотехник, инженер-теплотехник, инженер-теплоэнергетик, инженер-энергетик;г. Москва, ул. Красноказарменная, д. 17;39;40;;40;;;;;;;;2;1;0;1;0;0;0;0;0;0;0;;;;;;;;5;1;5;0;0;
г. Москва;0006;НИУ «МЭИ»;Электроэнергетика, теплоэнергетика, ядерная физика;13.03.01 Теплоэнергетика и теплотехника;000321;Тепловые электрические станции;Институт тепловой и атомной энергетики;Да;;;;175;15;;;4;;;15;25;5;;;0;0;;;201;196;134;175;15;;;4; 220,000    ;Набора не было;0;25;5;120,000;Набора не было;0;0;;;;;;;;;;;;;;;;;;;;;;;;;;;;;;;;;;;;;;;;;;;;;;;;;;;;;;;;;;;;Студенты МЭИ в рамках программы учатся обслуживать котельное оборудование на тепловых электрических станциях, проводить эксплуатационные работы на основном и вспомогательном оборудовании котельного цеха, топливоподачи и мазутного хозяйства, подготавливать топливо к сжиганию, контролировать работу тепловой автоматики и контрольно-измерительных приборов в котельном цехе и др. Основой программы МЭИ является практически-прикладной курс физики, математики, инженерии.;Инженер-исследователь, энергетик, инженер-энергетик, проектировщик, инженер-теплотехник, инженер-теплотехник, теплоэнергетик;г. Москва, ул. Красноказарменная, д. 17;39;40;;40;;;;;;;;2;1;0;1;0;0;0;0;0;0;0;;;;;;;;5;1;5;0;0;
г. Москва;0006;НИУ «МЭИ»;Электроэнергетика, теплоэнергетика, ядерная физика;13.03.01 Теплоэнергетика и теплотехника;000319;Автономные энергетические системы;Институт энергоэффективности и водородных технологий ИЭВТ;Да;;;;210;50;;;4;;;0;0;;;;0;0;;;201;196;137;210;50;;;4; 220,000    ;Набора не было;0;0;;;Набора не было;0;0;;;;;;;;;;;;;;;;;;;;;;;;;;;;;;;;;;;;;;;;;;;;;;;;;;;;;;;;;;;;Студенты МЭИ учатся проектировать и эксплуатировать технические средства по производству теплоты, управлять потоками тепла, а также преобразовывать энергию в теплоту с помощью автоматизированных установок.;Архитектор энергетически автономных домов, инженер-энергетик, разработчик систем энергопотребления, специалист по локальным системам энергоснабжения;г. Москва, ул. Красноказарменная, д. 17;39;40;;40;;;;;;;;2;1;0;1;0;0;0;0;0;0;0;;;;;;;;5;1;5;0;0;
г. Москва;0006;НИУ «МЭИ»;Электроэнергетика, теплоэнергетика, ядерная физика;13.03.01 Теплоэнергетика и теплотехника;209786;Промышленная и коммунальная теплоэнергетика;Институт энергоэффективности и водородных технологий ИЭВТ;Да;;;;210;50;;;4;;;0;0;;;;0;0;;;201;196;137;210;50;;;4; 220,000    ;Набора не было;0;0;;;Набора не было;0;0;;;;;;;;;;;;;;;;;;;;;;;;;;;;;;;;;;;;;;;;;;;;;;;;;;;;;;;;;;;;Студенты МЭИ учатся проектировать и эксплуатировать технические средства по производству теплоты, управлять потоками тепла, а также преобразовывать энергию в теплоту с помощью автоматизированных установок.;Архитектор энергетически автономных домов, инженер-энергетик, разработчик систем энергопотребления, специалист по локальным системам энергоснабжения;г. Москва, ул. Красноказарменная, д. 17;39;40;;40;;;;;;;;2;1;0;1;0;0;0;0;0;0;0;;;;;;;;5;1;5;0;0;
г. Москва;0006;НИУ «МЭИ»;Электроэнергетика, теплоэнергетика, ядерная физика;13.03.01 Теплоэнергетика и теплотехника;000299;Промышленная теплоэнергетика;Институт энергоэффективности и водородных технологий ИЭВТ;Да;;;;210;50;;;4;;;0;0;;;;0;0;;;201;196;137;210;50;;;4; 220,000    ;Набора не было;0;0;;;Набора не было;0;0;;;;;;;;;;;;;;;;;;;;;;;;;;;;;;;;;;;;;;;;;;;;;;;;;;;;;;;;;;;;Студенты МЭИ учатся исследовать математические методы моделирования информационных и имитационных моделей, разрабатывать программное и информационное обеспечение компьютерных сетей, а также разрабатывать и внедрять процессы управления качеством производственной деятельности, связанной с созданием и использованием информационных систем.;Системный администратор, системный программист, администратор базы данных, математик, аналитик компьютерных данных, разработчик компьютерных программ, системный инженер, специалист по обслуживанию компьютерных сетей;г. Москва, ул. Красноказарменная, д. 17;39;40;;40;;;;;;;;2;1;0;1;0;0;0;0;0;0;0;;;;;;;;5;1;5;0;0;
г. Москва;0006;НИУ «МЭИ»;Электроэнергетика, теплоэнергетика, ядерная физика;13.03.01 Теплоэнергетика и теплотехника;000300;Энергетика теплотехнологий;Институт энергоэффективности и водородных технологий ИЭВТ;Да;;;;210;50;;;4;;;0;0;;;;0;0;;;201;196;137;210;50;;;4; 220,000    ;Набора не было;0;0;;;Набора не было;0;0;;;;;;;;;;;;;;;;;;;;;;;;;;;;;;;;;;;;;;;;;;;;;;;;;;;;;;;;;;;;Учащиеся МЭИ получают фундаментальную базу подготовки в рамках математического и естественно-научного циклов, а также комплексную подготовку в области средств и систем вычислительной техники. Отдельное внимание уделяется теории и технологиях проектирования аппаратно-программных систем. Студенты МЭИ учатся проектировать и сопровождать аппаратное, программное и информационное обеспечение компьютерных систем с использованием современных средств вычислительной техники, телекоммуникаций и технологий автоматизированного проектирования.;Инженер-электрик, инженер-энергетик, диспетчер энергосистемы, инженер-электротехник;г. Москва, ул. Красноказарменная, д. 17;39;40;;40;;;;;;;;2;1;0;1;0;0;0;0;0;0;0;;;;;;;;5;1;5;0;0;
г. Москва;0006;НИУ «МЭИ»;Электроэнергетика, теплоэнергетика, ядерная физика;13.03.01 Теплоэнергетика и теплотехника;000315;Энергообеспечение предприятий;Институт энергоэффективности и водородных технологий ИЭВТ;Да;;;;210;50;;;4;;;0;0;;;;0;0;;;201;196;137;210;50;;;4; 220,000    ;Набора не было;0;0;;;Набора не было;0;0;;;;;;;;;;;;;;;;;;;;;;;;;;;;;;;;;;;;;;;;;;;;;;;;;;;;;;;;;;;;Студенты МЭИ учатся заниматься метрологическим и программным обеспечением биомедицинской аппаратуры, выводить новые изобретения в серийное производство, а также осуществлять аттестацию и сертификацию новых и модифицированных биомедицинских приборов.;Инженер контрольно-измерительных приборов и автоматики (КИПиА), инженер по медицинской технике, медицинский физик;г. Москва, ул. Красноказарменная, д. 17;39;40;;40;;;;;;;;2;1;0;1;0;0;0;0;0;0;0;;;;;;;;5;1;5;0;0;
г. Москва;0006;НИУ «МЭИ»;Электроэнергетика, теплоэнергетика, ядерная физика;13.03.01 Теплоэнергетика и теплотехника;209785;Энергообеспечение предприятий. Высокотемпературные процессы и установки;Институт энергоэффективности и водородных технологий ИЭВТ;Да;;;;210;50;;;4;;;0;0;;;;0;0;;;201;196;137;210;50;;;4; 220,000    ;Набора не было;0;0;;;Набора не было;0;0;;;;;;;;;;;;;;;;;;;;;;;;;;;;;;;;;;;;;;;;;;;;;;;;;;;;;;;;;;;;Студенты МЭИ учатся заниматься метрологическим и программным обеспечением биомедицинской аппаратуры, выводить новые изобретения в серийное производство, а также осуществлять аттестацию и сертификацию новых и модифицированных биомедицинских приборов.;Инженер контрольно-измерительных приборов и автоматики (КИПиА), инженер по медицинской технике, медицинский физик;г. Москва, ул. Красноказарменная, д. 17;39;40;;40;;;;;;;;2;1;0;1;0;0;0;0;0;0;0;;;;;;;;5;1;5;0;0;
г. Москва;0006;НИУ «МЭИ»;Электроэнергетика, теплоэнергетика, ядерная физика;13.03.01 Теплоэнергетика и теплотехника;000324;Технология воды и топлива на ТЭС и АЭС;Институт тепловой и атомной энергетики;Да;;;;175;15;;;4;;;0;0;;;;0;0;;;201;196;134;175;15;;;4; 220,000    ;Набора не было;0;0;;;Набора не было;0;0;;;;;;;;;;;;;;;;;;;;;;;;;;;;;;;;;;;;;;;;;;;;;;;;;;;;;;;;;;;;Студенты МЭИ учатся контролировать соответствие разрабатываемых проектов и технической документации стандартам и техническим условиям, осуществлять наладку и опытную проверку электроэнергетического и электротехнического оборудования, а также проводить оптимизацию и реконструкцию существующих электрических сетей. Основной сферой для изучения является электроэнергетика.;Инженер-электрик, монтажник электрооборудования, наладчик электронного оборудования, специалист по системам электроснабжения, специалист по эксплуатации авиационных электросистем и пилотажно-навигационных комплексов, судовой электромеханик, техник по монтажу, наладке и эксплуатации электрооборудования промышленных и гражданских зданий;г. Москва, ул. Красноказарменная, д. 17;39;40;;40;;;;;;;;2;1;0;1;0;0;0;0;0;0;0;;;;;;;;5;1;5;0;0;
г. Москва;0006;НИУ «МЭИ»;Электроэнергетика, теплоэнергетика, ядерная физика;13.03.02 Электроэнергетика и электротехника;000322;Электрические системы и сети;Институт электроэнергетики;Да;;;;240;60;;;4;;;0;0;;;;0;0;;;207;200;134;225;15;;;4; 220,000    ;Набора не было;0;0;;;Набора не было;0;70;5; 90,000 ;;;;;;;;;;;;;;;;;;;;;;;;;;;;;;;;;;;;;;;;;;;;;;;;;;;;;;;;;;Студенты МЭИ изучают инженерные науки в области снабжения энергетических станций. Бакалавры работают с результатами научных исследований, учатся работать с технической документацией, а также применять в профильной деятельности новейшее оборудование.;Инженер-теплоэнергетик, инженер-технолог, инженер-химик, инженер-эколог, инженер-энергетик;г. Москва, ул. Красноказарменная, д. 17;39;40;;40;;;;;;;;2;1;0;1;0;0;0;0;0;0;0;;;;;;;;5;1;5;0;0;
г. Москва;0006;НИУ «МЭИ»;Электроэнергетика, теплоэнергетика, ядерная физика;13.03.02 Электроэнергетика и электротехника;007046;Гидроэлектростанции;Институт гидроэнергетики и возобновляемых источников;Да;;;;50;10;;;4;;;0;50;5;;;0;90;5;;207;200;164;274;65;;;4; 220,000    ;Набора не было;0;55;5;114,000;Набора не было;0;0;;;;;;;;;;;;;;;;;;;;;;;;;;;;;;;;;;;;;;;;;;;;;;;;;;;;;;;;;;;;Студенты МЭИ учатся контролировать соответствие разрабатываемых проектов и технической документации стандартам и техническим условиям, осуществлять наладку и опытную проверку электроэнергетического и электротехнического оборудования, а также проводить оптимизацию и реконструкцию существующих электрических сетей. Основной сферой для изучения является электротехника.;Инженер-электрик, монтажник электрооборудования, наладчик электронного оборудования, специалист по системам электроснабжения, специалист по эксплуатации авиационных электросистем и пилотажно-навигационных комплексов, судовой электромеханик, техник по монтажу, наладке и эксплуатации электрооборудования промышленных и гражданских зданий;г. Москва, ул. Красноказарменная, д. 17;39;40;;40;;;;;;;;2;1;0;1;0;0;0;0;0;0;0;;;;;;;;5;1;5;0;0;
г. Москва;0006;НИУ «МЭИ»;Электроэнергетика, теплоэнергетика, ядерная физика;13.03.02 Электроэнергетика и электротехника;209805;Техногенная безопасность в электроэнергетике и электротехнике;Институт электротехники;Да;;;;300;65;;;4;;;0;50;4.5;;;0;0;;;209;200;143;274;65;;;4; 220,000    ;Набора не было;0;0;;;Набора не было;0;0;;;;;;;;;;;;;;;;;;;;;;;;;;;;;;;;;;;;;;;;;;;;;;;;;;;;;;;;;;;;Студенты учатся делать расчеты и проектировать электроэнергетические и электротехнические системы и их компоненты, составлять инструкции по эксплуатации оборудования и программ испытания, а также осуществлять наладку и опытную проверку электроэнергетического и электротехнического оборудования.;Инженер-проектировщик, инженер-разработчик, инженер-электроник;г. Москва, ул. Красноказарменная, д. 17;39;40;;40;;;;;;;;2;1;0;1;0;0;0;0;0;0;0;;;;;;;;5;1;5;0;0;
г. Москва;0006;НИУ «МЭИ»;Электроэнергетика, теплоэнергетика, ядерная физика;13.03.02 Электроэнергетика и электротехника;209804;Электрооборудование и электрохозяйство предприятий, организаций и учреждений;Институт электротехники;Да;;;;300;65;;;4;;;0;50;4.5;;;0;0;;;209;200;143;274;65;;;4; 220,000    ;Набора не было;0;0;;;Набора не было;0;0;;;;;;;;;;;;;;;;;;;;;;;;;;;;;;;;;;;;;;;;;;;;;;;;;;;;;;;;;;;;Студенты получают компетенции в циклах дисциплин, связанных с электромеханическими системами теплоходов, танкеров, уникальных плавучих электростанций, быстроходных судов на подводных крыльях, боевых кораблей, а также береговых объектов. Учащиеся получают навыки в области компьютерной графики, проектирования электрооборудования, основ схемотехники, осваивают знания в области надёжности электромеханических систем, микропроцессорных систем, диагностики оборудования.;Техник по монтажу, наладке и эксплуатации электрооборудования промышленных и гражданских зданий, наладчик электронного оборудования, энергетик, техник по обслуживанию, эксплуатации, ремонту, наладке и испытаниям электрооборудования электрических станций, сетей и систем, судовой электромеханик, инженер-электрик, специалист по системам электроснабжения, электронщик, электромонтер-релейщик, гидроэнергетик, монтажник электрооборудования;г. Москва, ул. Красноказарменная, д. 17;39;40;;40;;;;;;;;2;1;0;1;0;0;0;0;0;0;0;;;;;;;;5;1;5;0;0;
г. Москва;0006;НИУ «МЭИ»;Электроэнергетика, теплоэнергетика, ядерная физика;13.03.02 Электроэнергетика и электротехника;209797;Электрические и электронные аппараты;Институт электротехники;Да;;;;300;65;;;4;;;0;0;;;;0;0;;;209;200;143;274;65;;;4; 220,000    ;Набора не было;0;0;;;Набора не было;0;0;;;;;;;;;;;;;;;;;;;;;;;;;;;;;;;;;;;;;;;;;;;;;;;;;;;;;;;;;;;;В ходе освоения программы студенты учатся делать расчеты и проектировать электроэнергетические и электротехнические системы и их компоненты, составлять инструкции по эксплуатации оборудования и программ испытания, осуществлять наладку и опытную проверку электроэнергетического и электротехнического оборудования, проводить проверку технического состояния и остаточного ресурса электроэнергетического и электротехнического оборудования, организовывать профилактический осмотр и текущий ремонт, рассчитывать, контролировать и изменять режимы работы оборудования объектов электроэнергетики.;Авиационный Инженер, Автоменеджер, Автомеханик, Защитник прав потребителей электроэнергии, Инженер-исследователь, Инженер гидротехник, Инженер по авионике;г. Москва, ул. Красноказарменная, д. 17;39;40;;40;;;;;;;;2;1;0;1;0;0;0;0;0;0;0;;;;;;;;5;1;5;0;0;
г. Москва;0006;НИУ «МЭИ»;Электроэнергетика, теплоэнергетика, ядерная физика;13.03.02 Электроэнергетика и электротехника;209801;Электрический транспорт;Институт электротехники;Да;;;;300;65;;;4;;;0;0;;;;0;0;;;209;200;143;274;65;;;4; 220,000    ;Набора не было;0;0;;;Набора не было;0;0;;;;;;;;;;;;;;;;;;;;;;;;;;;;;;;;;;;;;;;;;;;;;;;;;;;;;;;;;;;;Студенты изучают общую энергетику, электрические машины, электроснабжение, электро- энергетические системы и сети, а также экономику и организацию энергетического производства. Также учащиеся получают навык организации работы малого коллектива.;Специалист по эксплуатации электрооборудования и электрических сетей, Энергоаудитор, Энергоменеджер, Специалист по стратегическому и тактическому планированию и организации производства;г. Москва, ул. Красноказарменная, д. 17;39;40;;40;;;;;;;;2;1;0;1;0;0;0;0;0;0;0;;;;;;;;5;1;5;0;0;
г. Москва;0006;НИУ «МЭИ»;Электроэнергетика, теплоэнергетика, ядерная физика;13.03.02 Электроэнергетика и электротехника;209798;Электроизоляционная, кабельная и конденсаторная техника;Институт электротехники;Да;;;;300;65;;;4;;;0;0;;;;0;0;;;209;200;143;274;65;;;4; 220,000    ;Набора не было;0;0;;;Набора не было;0;0;;;;;;;;;;;;;;;;;;;;;;;;;;;;;;;;;;;;;;;;;;;;;;;;;;;;;;;;;;;;Выпускники, подготавливаемые по профилю «Электроизоляционная, кабельная и конденсаторная техники» занимаются разработкой и изготовлением электрической изоляции электроэнергетических, электротехнических устройств и устройств радиоэлектроники, кабельных изделий и проводов, электрических конденсаторов, материалов, полуфабрикатов и систем электрической изоляции.;Специалист по эксплуатации электрооборудования и электрических сетей, Энергоаудитор, Энергоменеджер, Специалист по стратегическому и тактическому планированию и организации производства;г. Москва, ул. Красноказарменная, д. 17;39;40;;40;;;;;;;;2;1;0;1;0;0;0;0;0;0;0;;;;;;;;5;1;5;0;0;
г. Москва;0006;НИУ «МЭИ»;Электроэнергетика, теплоэнергетика, ядерная физика;13.03.02 Электроэнергетика и электротехника;209796;Электромеханика;Институт электротехники;Да;;;;300;65;;;4;;;0;0;;;;0;0;;;209;200;143;274;65;;;4; 220,000    ;Набора не было;0;0;;;Набора не было;0;0;;;;;;;;;;;;;;;;;;;;;;;;;;;;;;;;;;;;;;;;;;;;;;;;;;;;;;;;;;;;Выпускники занимаются проектированием, разработкой и эксплуатацией современной техники, построенной на основе электромеханических преобразователей. Это, прежде всего, бытовая техника: стиральные машины, миксеры, пылесосы, холодильники, электроинструмент, сложная медицинская техника, а также электромеханические системы автоматики для промышленности и авиационно-космической техники. Выпускник сможет работать в сфере управления любого электротехнического предприятия.;Техник по монтажу, наладке и эксплуатации электрооборудования промышленных и гражданских зданий, наладчик электронного оборудования, энергетик;г. Москва, ул. Красноказарменная, д. 17;39;40;;40;;;;;;;;2;1;0;1;0;0;0;0;0;0;0;;;;;;;;5;1;5;0;0;
г. Москва;0006;НИУ «МЭИ»;Электроэнергетика, теплоэнергетика, ядерная физика;13.03.02 Электроэнергетика и электротехника;209803;Электрооборудование автомобилей и тракторов;Институт электротехники;Да;;;;300;65;;;4;;;0;0;;;;0;0;;;209;200;143;274;65;;;4; 220,000    ;Набора не было;0;0;;;Набора не было;0;0;;;;;;;;;;;;;;;;;;;;;;;;;;;;;;;;;;;;;;;;;;;;;;;;;;;;;;;;;;;;Студенты изучают теоретические основы электротехники, электротехническое и конструкционное материаловедение, общую энергетику, электрические машины, безопасность жизнедеятельности. Учащиеся занимаются исследовательской деятельностью. Студенты учатся применять современное оборудования.;IT-специалист, инженер-конструктор, кибернетик, разработчик автоматизированных систем управления, робототехник, системный программист, специалист в области искусственного интеллекта, электроник;г. Москва, ул. Красноказарменная, д. 17;39;40;;40;;;;;;;;2;1;0;1;0;0;0;0;0;0;0;;;;;;;;5;1;5;0;0;
г. Москва;0006;НИУ «МЭИ»;Электроэнергетика, теплоэнергетика, ядерная физика;13.03.02 Электроэнергетика и электротехника;209802;Электрооборудование летательных аппаратов;Институт электротехники;Да;;;;300;65;;;4;;;0;0;;;;0;0;;;209;200;143;274;65;;;4; 220,000    ;Набора не было;0;0;;;Набора не было;0;0;;;;;;;;;;;;;;;;;;;;;;;;;;;;;;;;;;;;;;;;;;;;;;;;;;;;;;;;;;;;Программа подготовки специалиста рассчитана на подготовку инженеров широкого профиля по всем подсистемам электрического, электромеханического и электронного оборудования современных самолетов, вертолетов и других летательных аппаратов (ЛА).;Инженер-электрик, монтажник электрооборудования, наладчик электронного оборудования, специалист по системам электроснабжения, специалист по эксплуатации авиационных электросистем и пилотажно-навигационных комплексов, техник по монтажу, наладке и эксплуатации электрооборудования промышленных и гражданских зданий, электромонтер-релейщик, электронщик, энергетик;г. Москва, ул. Красноказарменная, д. 17;39;40;;40;;;;;;;;2;1;0;1;0;0;0;0;0;0;0;;;;;;;;5;1;5;0;0;
г. Москва;0006;НИУ «МЭИ»;Электроэнергетика, теплоэнергетика, ядерная физика;13.03.02 Электроэнергетика и электротехника;209799;Электропривод и автоматика;Институт электротехники;Да;;;;300;65;;;4;;;0;0;;;;0;0;;;209;200;143;274;65;;;4; 220,000    ;Набора не было;0;0;;;Набора не было;0;0;;;;;;;;;;;;;;;;;;;;;;;;;;;;;;;;;;;;;;;;;;;;;;;;;;;;;;;;;;;;Студенты учатся оценивать механическую прочность разрабатываемых конструкций, осуществлять наладку и опытную проверку электроэнергетического и электротехнического оборудования, а также проводить оптимизацию и реконструкцию существующих электрических сетей с целью уменьшения потерь электроэнергии.;Техник по монтажу, наладке и эксплуатации электрооборудования промышленных и гражданских зданий, наладчик электронного оборудования, энергетик, техник по обслуживанию, эксплуатации, ремонту, наладке и испытаниям электрооборудования электрических станций, сетей и систем, инженер-электрик, специалист по системам электроснабжения, электронщик, электромонтер-релейщик, монтажник электрооборудования, специалист по эксплуатации авиационных электросистем и пилотажно-навигационных комплексов;г. Москва, ул. Красноказарменная, д. 17;39;40;;40;;;;;;;;2;1;0;1;0;0;0;0;0;0;0;;;;;;;;5;1;5;0;0;
г. Москва;0006;НИУ «МЭИ»;Электроэнергетика, теплоэнергетика, ядерная физика;13.03.02 Электроэнергетика и электротехника;209800;Электротехнологические установки и системы;Институт электротехники;Да;;;;300;65;;;4;;;0;0;;;;0;0;;;209;200;143;274;65;;;4; 220,000    ;Набора не было;0;0;;;Набора не было;0;0;;;;;;;;;;;;;;;;;;;;;;;;;;;;;;;;;;;;;;;;;;;;;;;;;;;;;;;;;;;;Студенты формируют компетенции в области разработки и управления электротехнологическими системами и оборудованием. Учащиеся получают навыки в области электроснабжения предприятий, систем автоматического управления, методов оптимизации, приобретают знания в области силовой электроники, электротехнологических и электротермических процессов.;Специалист по эксплуатации электрооборудования и электрических сетей, Энергоаудитор, Энергоменеджер, Специалист по стратегическому и тактическому планированию и организации производства;г. Москва, ул. Красноказарменная, д. 17;39;40;;40;;;;;;;;2;1;0;1;0;0;0;0;0;0;0;;;;;;;;5;1;5;0;0;
г. Москва;0006;НИУ «МЭИ»;Электроэнергетика, теплоэнергетика, ядерная физика;13.03.02 Электроэнергетика и электротехника;209795;Энергоустановки на основе возобновляемых источников энергии;Институт гидроэнергетики и возобновляемых источников;Да;;;;50;10;;;4;;;0;50;5;;;0;90;5;;Набора не было;Набора не было;Набора не было;0;0;;;;;Набора не было;0;0;;;Набора не было;0;0;;;;;;;;;;;;;;;;;;;;;;;;;;;;;;;;;;;;;;;;;;;;;;;;;;;;;;;;;;;;Студенты МЭИ учатся контролировать соответствие разрабатываемых проектов и технической документации стандартам и техническим условиям, осуществлять наладку и опытную проверку электроэнергетического и электротехнического оборудования, а также проводить оптимизацию и реконструкцию существующих электрических сетей. Основной сферой для изучения является электротехника.;Инженер-электрик, монтажник электрооборудования, наладчик электронного оборудования, специалист по системам электроснабжения, специалист по эксплуатации авиационных электросистем и пилотажно-навигационных комплексов, судовой электромеханик, техник по монтажу, наладке и эксплуатации электрооборудования промышленных и гражданских зданий;г. Москва, ул. Красноказарменная, д. 17;39;40;;40;;;;;;;;2;1;0;1;0;0;0;0;0;0;0;;;;;;;;5;1;5;0;0;
г. Москва;0006;НИУ «МЭИ»;Электроэнергетика, теплоэнергетика, ядерная физика;13.03.02 Электроэнергетика и электротехника;209790;Высоковольтные электроэнергетика и электротехника;Институт электроэнергетики;Да;;;;240;60;;;4;;;0;0;;;;0;0;;;Набора не было;Набора не было;Набора не было;0;0;;;;;Набора не было;0;0;;;Набора не было;0;0;;;;;;;;;;;;;;;;;;;;;;;;;;;;;;;;;;;;;;;;;;;;;;;;;;;;;;;;;;;;Студенты МЭИ изучают инженерные науки в области снабжения энергетических станций. Бакалавры работают с результатами научных исследований, учатся работать с технической документацией, а также применять в профильной деятельности новейшее оборудование.;Инженер-теплоэнергетик, инженер-технолог, инженер-химик, инженер-эколог, инженер-энергетик;г. Москва, ул. Красноказарменная, д. 17;39;40;;40;;;;;;;;2;1;0;1;0;0;0;0;0;0;0;;;;;;;;5;1;5;0;0;
г. Москва;0006;НИУ «МЭИ»;Электроэнергетика, теплоэнергетика, ядерная физика;13.03.02 Электроэнергетика и электротехника;209791;Менеджмент в электроэнергетике и электротехнике;Институт электроэнергетики;Да;;;;240;60;;;4;;;0;0;;;;0;0;;;Набора не было;Набора не было;Набора не было;0;0;;;;;Набора не было;0;0;;;Набора не было;0;0;;;;;;;;;;;;;;;;;;;;;;;;;;;;;;;;;;;;;;;;;;;;;;;;;;;;;;;;;;;;Студенты МЭИ изучают инженерные науки в области снабжения энергетических станций. Бакалавры работают с результатами научных исследований, учатся работать с технической документацией, а также применять в профильной деятельности новейшее оборудование.;Инженер-теплоэнергетик, инженер-технолог, инженер-химик, инженер-эколог, инженер-энергетик;г. Москва, ул. Красноказарменная, д. 17;39;40;;40;;;;;;;;2;1;0;1;0;0;0;0;0;0;0;;;;;;;;5;1;5;0;0;
г. Москва;0006;НИУ «МЭИ»;Электроэнергетика, теплоэнергетика, ядерная физика;13.03.02 Электроэнергетика и электротехника;209789;Релейная защита и автоматизация электроэнергетических систем;Институт электроэнергетики;Да;;;;240;60;;;4;;;0;0;;;;0;0;;;Набора не было;Набора не было;Набора не было;0;0;;;;;Набора не было;0;0;;;Набора не было;0;0;;;;;;;;;;;;;;;;;;;;;;;;;;;;;;;;;;;;;;;;;;;;;;;;;;;;;;;;;;;;Студенты МЭИ изучают инженерные науки в области снабжения энергетических станций. Бакалавры работают с результатами научных исследований, учатся работать с технической документацией, а также применять в профильной деятельности новейшее оборудование.;Инженер-теплоэнергетик, инженер-технолог, инженер-химик, инженер-эколог, инженер-энергетик;г. Москва, ул. Красноказарменная, д. 17;39;40;;40;;;;;;;;2;1;0;1;0;0;0;0;0;0;0;;;;;;;;5;1;5;0;0;
г. Москва;0006;НИУ «МЭИ»;Электроэнергетика, теплоэнергетика, ядерная физика;13.03.02 Электроэнергетика и электротехника;209792;Техника и элетрофизика высоких напряжений;Институт электроэнергетики;Да;;;;240;60;;;4;;;0;0;;;;0;0;;;Набора не было;Набора не было;Набора не было;0;0;;;;;Набора не было;0;0;;;Набора не было;0;0;;;;;;;;;;;;;;;;;;;;;;;;;;;;;;;;;;;;;;;;;;;;;;;;;;;;;;;;;;;;Студенты МЭИ изучают инженерные науки в области снабжения энергетических станций. Бакалавры работают с результатами научных исследований, учатся работать с технической документацией, а также применять в профильной деятельности новейшее оборудование.;Инженер-теплоэнергетик, инженер-технолог, инженер-химик, инженер-эколог, инженер-энергетик;г. Москва, ул. Красноказарменная, д. 17;39;40;;40;;;;;;;;2;1;0;1;0;0;0;0;0;0;0;;;;;;;;5;1;5;0;0;
г. Москва;0006;НИУ «МЭИ»;Электроэнергетика, теплоэнергетика, ядерная физика;13.03.02 Электроэнергетика и электротехника;209794;Эксплуатация релейной защиты, автоматики и электрооборудования электростанций;Институт электроэнергетики;Да;;;;240;60;;;4;;;0;0;;;;0;0;;;Набора не было;Набора не было;Набора не было;0;0;;;;;Набора не было;0;0;;;Набора не было;0;0;;;;;;;;;;;;;;;;;;;;;;;;;;;;;;;;;;;;;;;;;;;;;;;;;;;;;;;;;;;;Студенты МЭИ изучают инженерные науки в области снабжения энергетических станций. Бакалавры работают с результатами научных исследований, учатся работать с технической документацией, а также применять в профильной деятельности новейшее оборудование.;Инженер-теплоэнергетик, инженер-технолог, инженер-химик, инженер-эколог, инженер-энергетик;г. Москва, ул. Красноказарменная, д. 17;39;40;;40;;;;;;;;2;1;0;1;0;0;0;0;0;0;0;;;;;;;;5;1;5;0;0;
г. Москва;0006;НИУ «МЭИ»;Электроэнергетика, теплоэнергетика, ядерная физика;13.03.02 Электроэнергетика и электротехника;209788;Электрические станции;Институт электроэнергетики;Да;;;;240;60;;;4;;;0;0;;;;0;0;;;Набора не было;Набора не было;Набора не было;0;0;;;;;Набора не было;0;0;;;Набора не было;0;0;;;;;;;;;;;;;;;;;;;;;;;;;;;;;;;;;;;;;;;;;;;;;;;;;;;;;;;;;;;;Студенты МЭИ изучают инженерные науки в области снабжения энергетических станций. Бакалавры работают с результатами научных исследований, учатся работать с технической документацией, а также применять в профильной деятельности новейшее оборудование.;Инженер-теплоэнергетик, инженер-технолог, инженер-химик, инженер-эколог, инженер-энергетик;г. Москва, ул. Красноказарменная, д. 17;39;40;;40;;;;;;;;2;1;0;1;0;0;0;0;0;0;0;;;;;;;;5;1;5;0;0;
г. Москва;0006;НИУ «МЭИ»;Электроэнергетика, теплоэнергетика, ядерная физика;13.03.02 Электроэнергетика и электротехника;209787;Электроснабжение;Институт электроэнергетики;Да;;;;240;60;;;4;;;0;0;;;;0;0;;;Набора не было;Набора не было;Набора не было;0;0;;;;;Набора не было;0;0;;;Набора не было;0;0;;;;;;;;;;;;;;;;;;;;;;;;;;;;;;;;;;;;;;;;;;;;;;;;;;;;;;;;;;;;Студенты МЭИ изучают инженерные науки в области снабжения энергетических станций. Бакалавры работают с результатами научных исследований, учатся работать с технической документацией, а также применять в профильной деятельности новейшее оборудование.;Инженер-теплоэнергетик, инженер-технолог, инженер-химик, инженер-эколог, инженер-энергетик;г. Москва, ул. Красноказарменная, д. 17;39;40;;40;;;;;;;;2;1;0;1;0;0;0;0;0;0;0;;;;;;;;5;1;5;0;0;
г. Москва;0006;НИУ «МЭИ»;Электроэнергетика, теплоэнергетика, ядерная физика;13.03.02 Электроэнергетика и электротехника;209793;Электроснабжение и кабельные сети;Институт электроэнергетики;Да;;;;240;60;;;4;;;0;0;;;;0;0;;;Набора не было;Набора не было;Набора не было;0;0;;;;;Набора не было;0;0;;;Набора не было;0;0;;;;;;;;;;;;;;;;;;;;;;;;;;;;;;;;;;;;;;;;;;;;;;;;;;;;;;;;;;;;Студенты МЭИ изучают инженерные науки в области снабжения энергетических станций. Бакалавры работают с результатами научных исследований, учатся работать с технической документацией, а также применять в профильной деятельности новейшее оборудование.;Инженер-теплоэнергетик, инженер-технолог, инженер-химик, инженер-эколог, инженер-энергетик;г. Москва, ул. Красноказарменная, д. 17;39;40;;40;;;;;;;;2;1;0;1;0;0;0;0;0;0;0;;;;;;;;5;1;5;0;0;
г. Москва;0006;НИУ «МЭИ»;Электроэнергетика, теплоэнергетика, ядерная физика;13.03.03 Энергетическое машиностроение;007049;Автоматизированные гидравлические и пневматические системы и агрегаты;Институт гидроэнергетики и возобновляемых источников;Да;;;;20;5;;;4;;;0;0;;;;0;0;;;182;191;149;25;5;;;4; 220,000    ;Набора не было;0;0;;;Набора не было;0;0;;;;;;;;;;;;;;;;;;;;;;;;;;;;;;;;;;;;;;;;;;;;;;;;;;;;;;;;;;;;Программа МЭИ обучает студентов основам исследования и конструирования гидравлических и пневматических систем и машин, проведению различных экспериментов по разработанному алгоритму и их описание, контролю производственной и технологической деятельности, основам монтажа, испытания и эксплуатации гидравлических машин и средств гидропневмоавтоматики.;Инженер-испытатель, инженер-конструктор, инженер-механик, инженер по автоматизации и механизации производственных процессов, инженер по пневмоавтоматике, инженер по энергетическому машиностроению;г. Москва, ул. Красноказарменная, д. 17;39;40;;40;;;;;;;;2;1;0;1;0;0;0;0;0;0;0;;;;;;;;5;1;5;0;0;
г. Москва;0006;НИУ «МЭИ»;Электроэнергетика, теплоэнергетика, ядерная физика;13.03.03 Энергетическое машиностроение;007048;Газотурбинные, паротурбинные установки и двигатели;Институт энергомашиностроения и механики;Да;;;;80;75;;;4;;;0;0;;;;0;0;;;182;192;100;90;75;;;4; 220,000    ;Набора не было;0;0;;;Набора не было;0;0;;;;;;;;;;;;;;;;;;;;;;;;;;;;;;;;;;;;;;;;;;;;;;;;;;;;;;;;;;;;Студенты МЭИ учатся решать задачи по проектированию, исследованию, диагностике и сертификации транспортных силовых установок с газотурбинными двигателями, систем турбонаддува двигателей внутреннего сгорания, турбохолодильников, систем кондиционирования воздуха в кабинах транспортных средств, систем предпускового подогрева транспортных двигателей. Они учатся разрабатывать и проектировать вспомогательные энергетические агрегаты и комбинированные установки, использующие газовые турбины.;Инженер-испытатель, инженер-исследователь, инженер-конструктор, инженер по эксплуатации, инженер-технолог;г. Москва, ул. Красноказарменная, д. 17;39;40;;40;;;;;;;;2;1;0;1;0;0;0;0;0;0;0;;;;;;;;5;1;5;0;0;
г. Москва;0006;НИУ «МЭИ»;Электроэнергетика, теплоэнергетика, ядерная физика;13.03.03 Энергетическое машиностроение;007047;Котлы, камеры сгорания и парогенераторы АЭС;Институт энергомашиностроения и механики;Да;;;;80;75;;;4;;;0;0;;;;0;0;;;182;192;100;90;75;;;4; 220,000    ;Набора не было;0;0;;;Набора не было;0;0;;;;;;;;;;;;;;;;;;;;;;;;;;;;;;;;;;;;;;;;;;;;;;;;;;;;;;;;;;;;Студенты МЭИ учатся разрабатывать высокоэффективные и экологически чистые технологии энергетического использования топлива, методы снижения вредных выбросов энергетических установок. Также учащиеся работают над проектами по повышению надежности, безопасности и эффективности энергетического оборудования.;Инженер-конструктор, инженер по энергетическому машиностроению, инженер-проектировщик, инженер-физик, инженер-энергетик;г. Москва, ул. Красноказарменная, д. 17;39;40;;40;;;;;;;;2;1;0;1;0;0;0;0;0;0;0;;;;;;;;5;1;5;0;0;
г. Москва;0006;НИУ «МЭИ»;Электроэнергетика, теплоэнергетика, ядерная физика;13.03.03 Энергетическое машиностроение;007050;Производство энергетического оборудования;Институт энергомашиностроения и механики;Да;;;;80;75;;;4;;;0;0;;;;0;0;;;182;192;100;90;75;;;4; 220,000    ;Набора не было;0;0;;;Набора не было;0;0;;;;;;;;;;;;;;;;;;;;;;;;;;;;;;;;;;;;;;;;;;;;;;;;;;;;;;;;;;;;Студенты МЭИ получают знания в области машиностроения, связанной с энергетическими машинами и газотурбинными установками и другим оборудованием, получают навыки в области управления техническими системами, автоматического регулирования энергоустановок.;Инженер-исследователь, инженер-конструктор, инженер-механик, инженер по энергетическому машиностроению;г. Москва, ул. Красноказарменная, д. 17;39;40;;40;;;;;;;;2;1;0;1;0;0;0;0;0;0;0;;;;;;;;5;1;5;0;0;
г. Москва;0006;НИУ «МЭИ»;Электроэнергетика, теплоэнергетика, ядерная физика;14.03.01 Ядерная энергетика и теплофизика;007052;Атомные электростанции и установки;Институт тепловой и атомной энергетики;Да;;;;168;15;;;4;;;0;0;;;;0;0;;;228;217;165;175;15;;;4; 272,000    ;Набора не было;0;0;;;Набора не было;0;0;;;;;;;;;;;;;;;;;;;;;;;;;;;;;;;;;;;;;;;;;;;;;;;;;;;;;;;;;;;;В МЭИ студенты фокусируются на изучении тепловых процессов, протекающих в устройствах для преобразования и использования энергии, элементов конструкций приборов, аппаратов и установок. Студенты также учатся использовать профильное оборудование.;Инженер, инженер-атомщик, инженер по ядерной технике, инженер-проектировщик по выводу из эксплуатации объектов использования атомной энергии, инженер-физик, инспектор в атомной энергетике;г. Москва, ул. Красноказарменная, д. 17;39;40;;40;;;;;;;;2;1;0;1;0;0;0;0;0;0;0;;;;;;;;5;1;5;0;0;
г. Москва;0006;НИУ «МЭИ»;Электроэнергетика, теплоэнергетика, ядерная физика;14.03.01 Ядерная энергетика и теплофизика;007055;Нанотехнологии и наноматериалы в энергетике;Институт тепловой и атомной энергетики;Да;;;;168;15;;;4;;;0;0;;;;0;0;;;228;217;165;175;15;;;4; 272,000    ;Набора не было;0;0;;;Набора не было;0;0;;;;;;;;;;;;;;;;;;;;;;;;;;;;;;;;;;;;;;;;;;;;;;;;;;;;;;;;;;;;Студенты МЭИ учатся использовать новейшие информационные технологии при проектировании, создании и эксплуатации установок нанотехнологий, решать прикладные задачи, а также проводить инновационные исследования в профильной области.;Инженер, инженер-атомщик, инженер-исследователь, материаловед, наноинженер;г. Москва, ул. Красноказарменная, д. 17;39;40;;40;;;;;;;;2;1;0;1;0;0;0;0;0;0;0;;;;;;;;5;1;5;0;0;
г. Москва;0006;НИУ «МЭИ»;Электроэнергетика, теплоэнергетика, ядерная физика;14.03.01 Ядерная энергетика и теплофизика;007051;Теплофизика;Институт тепловой и атомной энергетики;Да;;;;168;15;;;4;;;0;0;;;;0;0;;;228;217;165;175;15;;;4; 272,000    ;Набора не было;0;0;;;Набора не было;0;0;;;;;;;;;;;;;;;;;;;;;;;;;;;;;;;;;;;;;;;;;;;;;;;;;;;;;;;;;;;;Студенты МЭИ учатся исследовать теплофизические процессы и явления, анализировать результаты исследований. Также большое внимание уделяется формированию сильной теоретической базы.;Инженер, инженер-теплотехник, инженер-теплофизик, инженер-термофизик;г. Москва, ул. Красноказарменная, д. 17;39;40;;40;;;;;;;;2;1;0;1;0;0;0;0;0;0;0;;;;;;;;5;1;5;0;0;
г. Москва;0006;НИУ «МЭИ»;Электроэнергетика, теплоэнергетика, ядерная физика;14.03.01 Ядерная энергетика и теплофизика;007054;Термоядерные реакторы и плазменные установки;Институт тепловой и атомной энергетики;Да;;;;168;15;;;4;;;0;0;;;;0;0;;;228;217;165;175;15;;;4; 272,000    ;Набора не было;0;0;;;Набора не было;0;0;;;;;;;;;;;;;;;;;;;;;;;;;;;;;;;;;;;;;;;;;;;;;;;;;;;;;;;;;;;;Студенты МЭИ изучают комплекс технических и физических дисциплин, также формируется навык решения прикладных задач, проведения научных исследований и опытов в профильной области.;Инженер, инженер-атомщик, инженер по ядерной технике, специалист ядерно-физической лаборатории в области атомной энергетики, физик-атомщик (физик-ядерщик);г. Москва, ул. Красноказарменная, д. 17;39;40;;40;;;;;;;;2;1;0;1;0;0;0;0;0;0;0;;;;;;;;5;1;5;0;0;
г. Москва;0006;НИУ «МЭИ»;Электроэнергетика, теплоэнергетика, ядерная физика;14.03.01 Ядерная энергетика и теплофизика;007053;Техника и физика низких температур;Институт тепловой и атомной энергетики;Да;;;;168;15;;;4;;;0;0;;;;0;0;;;228;217;165;175;15;;;4; 272,000    ;Набора не было;0;0;;;Набора не было;0;0;;;;;;;;;;;;;;;;;;;;;;;;;;;;;;;;;;;;;;;;;;;;;;;;;;;;;;;;;;;;Обучение по программе МЭИ формирует технологическое мышление в области низкотемпературной теплотехники. Поэтому наряду с общетехническими и общеинженерными дисциплинами программа содержит блок теплофизических дисциплин, которые дают необходимые навыки и знания будущим специалистам.;Инженер, инженер по криогенной технике, инженер-теплотехник, инженер-физик;г. Москва, ул. Красноказарменная, д. 17;39;40;;40;;;;;;;;2;1;0;1;0;0;0;0;0;0;0;;;;;;;;5;1;5;0;0;
г. Москва;0006;НИУ «МЭИ»;Машиностроение;15.03.01 Машиностроение;007056;Машины и технология высокоэффективных процессов обработки материалов;Институт энергомашиностроения и механики;Да;;;;20;25;;;4;;;0;0;;;;0;0;;;198;194;136;26;25;;;4; 220,000    ;Набора не было;0;0;;;Набора не было;0;0;;;;;;;;;;;;;;;;;;;;;;;;;;;;;;;;;;;;;;;;;;;;;;;;;;;;;;;;;;;;Студенты МЭИ изучают широкий комплекс технических дисциплин. Главной составляющей обучения является практическая часть. Учащиеся решают технологические задачи в области инновационных технологий с применением методов резания, электрофизических и электрохимических методов обработки материалов.;Инженер, инженер-металловед, инженер-механик, инженер-механик - исследователь, инженер-технолог;г. Москва, ул. Красноказарменная, д. 17;39;40;;40;;;;;;;;2;1;0;1;0;0;0;0;0;0;0;;;;;;;;5;1;5;0;0;
г. Москва;0006;НИУ «МЭИ»;Машиностроение;15.03.03 Прикладная механика;007057;Динамика и прочность машин, приборов и аппаратуры;Институт энергомашиностроения и механики;Да;;;;20;25;;;4;;;0;0;;;;0;0;;;206;201;178;26;25;;;4; 220,000    ;Набора не было;0;0;;;Набора не было;0;0;;;;;;;;;;;;;;;;;;;;;;;;;;;;;;;;;;;;;;;;;;;;;;;;;;;;;;;;;;;;Студенты МЭИ проводят научные исследования в профильной области, учатся применять информационные технологий, современные систем компьютерной математики, технологии конечно-элементного анализа. Бакалавры работают с современной аппаратурой.;Инженер, инженер-механик, инженер-механик - исследователь, инженер-прочнист, инженер-расчетчик;г. Москва, ул. Красноказарменная, д. 17;39;40;;40;;;;;;;;2;1;0;1;0;0;0;0;0;0;0;;;;;;;;5;1;5;0;0;
г. Москва;0006;НИУ «МЭИ»;Машиностроение;15.03.06 Мехатроника и робототехника;007058;Компьютерные технологии управления в робототехнике и мехатронике;Институт энергомашиностроения и механики;Да;;;;40;25;;;4;;;0;0;;;;0;0;;;250;246;140;27;25;;;4; 220,000    ;Набора не было;0;0;;;Набора не было;0;0;;;;;;;;;;;;;;;;;;;;;;;;;;;;;;;;;;;;;;;;;;;;;;;;;;;;;;;;;;;;Студенты МЭИ учатся интегрироваться в современное промышленно-экономическое пространство, проектировать системы компьютерного управления мехатронными системами и робототехническими комплексами, разрабатывать технологические решения по их производству.;Инженер, инженер по автоматизации и механизации производственных процессов, инженер-системотехник, инженер-электроник;г. Москва, ул. Красноказарменная, д. 17;39;40;;40;;;;;;;;2;1;0;1;0;0;0;0;0;0;0;;;;;;;;5;1;5;0;0;
г. Москва;0006;НИУ «МЭИ»;Управление в технических системах;27.03.02 Управление качеством;200280;Управление качеством в производственно-технологических системах;Инженерно-экономический институт;Да;;;;5;30;;;4;;;0;0;;;;0;100;5;;216;Набора не было;133;5;30;;;4; 220,000    ;Набора не было;0;100;4;92,000;Набора не было;0;Есть;5; 86,000 ;;;;;;;;;;;;;;;;;;;;;;;;;;;;;;;;;;;;;;;;;;;;;;;;;;;;;;;;;;Студенты осваивают методы оценки прогресса в области улучшения качества, учатся разрабатывать специализированную документацию, а также применять проблемно-ориентированные методы анализа, синтеза и оптимизации процессов обеспечения качества.;Инженер-метролог, инженер по метрологии, инженер по стандартизации, метрологии и сертификации, инженер по управлению качеством, менеджер по качеству;г. Москва, ул. Красноказарменная, д. 17;39;40;;40;;;;;;;;2;1;0;1;0;0;0;0;0;0;0;;;;;;;;5;1;5;0;0;
г. Москва;0006;НИУ «МЭИ»;Управление в технических системах;27.03.04 Управление в технических системах;007059;Управление и информатика в технических системах;Институт Информационных и вычислительных технологий ИВТИ;Да;;;;64;15;;;4;;;0;100;5;;;0;0;;;235;234;187;64;15;;;4; 220,000    ;Набора не было;0;0;;;Набора не было;0;0;;;;;;;;;;;;;;;;;;;;;;;;;;;;;;;;;;;;;;;;;;;;;;;;;;;;;;;;;;;;Студенты МЭИ учатся моделировать и диагностировать системы управления, проводить наладку и испытания технологических линий и оборудования, а также бакалавры получают знания по информатике, современным компьютерным программам.;Инженер по автоматизации, инженер по автоматизации и механизации производственных процессов, инженер по автоматизации технологических процессов и производств, инженер-электроник, программист, разработчик программного обеспечения, системный аналитик;г. Москва, ул. Красноказарменная, д. 17;39;40;;40;;;;;;;;2;1;0;1;0;0;0;0;0;0;0;;;;;;;;5;1;5;0;0;
г. Москва;0006;НИУ «МЭИ»;Управление в технических системах;27.03.04 Управление в технических системах;007060;Системы и технические средства автоматизации и управления;Институт Информационных и вычислительных технологий ИВТИ;Да;;;;64;15;;;4;;;0;0;;;;0;0;;;235;234;187;64;15;;;4; 220,000    ;Набора не было;0;0;;;Набора не было;0;0;;;;;;;;;;;;;;;;;;;;;;;;;;;;;;;;;;;;;;;;;;;;;;;;;;;;;;;;;;;;Студенты МЭИ учатся производить расчеты и проектировать отдельные блоки и устройства систем автоматизации и управления, контролировать соответствие разрабатываемых проектов и технической документации стандартам, а также обеспечивать экологическую безопасность проектируемых устройств и их производства.;Инженер по автоматизации и механизации производственных процессов, инженер по наладке и испытаниям, инженер по управлению и информатике в технических системах, инженер технической поддержки, инженер-программист, инженер-системотехник, инженер-электроник, специалист в области автоматизации и управления на производстве, специалист по системам и средствам управления техническими объектами;г. Москва, ул. Красноказарменная, д. 17;39;40;;40;;;;;;;;2;1;0;1;0;0;0;0;0;0;0;;;;;;;;5;1;5;0;0;
г. Москва;0006;НИУ «МЭИ»;Экономика и управление;38.03.01 Экономика;007062;Бухгалтерский учет, анализ и аудит;Инженерно-экономический институт;Да;;;;8;200;;;4;;;0;200;5;;;0;150;5;;252;251;110;15;200;;;4; 198,000    ;Набора не было;0;200;5;92,000;Набора не было;0;150;5; 86,000 ;;;;;;;;;;;;;;;;;;;;;;;;;;;;;;;;;;;;;;;;;;;;;;;;;;;;;;;;;;Студенты МЭИ изучают комплекс экономических дисциплин. Отдельное внимание уделяется изучению бухгалтерских программ, а также изучению особенностей бухгалтерского и управленческого учета. Дополнительно учащиеся осваивают МСФО, а также знакомятся с базовыми принципами аудита. Студенты МЭИ имеют возможность закрепить свои знания на практие в ведущих компании профильной сфере.;Аналитик, аудитор, банковский менеджер, бухгалтер, коммерческий директор, консультант по экономическим вопросам, менеджер по маркетингу, менеджер по оценкам рисков, налоговый инспектор, экономист;г. Москва, ул. Красноказарменная, д. 17;39;40;44;;;;;;;;;2;1;1;0;0;0;0;0;0;0;0;;;;;;;;5;1;5;0;0;
г. Москва;0006;НИУ «МЭИ»;Экономика и управление;38.03.01 Экономика;007061;Финансы и кредит;Инженерно-экономический институт;Да;;;;8;200;;;4;;;0;200;5;;;0;150;5;;252;251;110;15;200;;;4; 198,000    ;Набора не было;0;200;5;92,000;Набора не было;0;150;5; 86,000 ;;;;;;;;;;;;;;;;;;;;;;;;;;;;;;;;;;;;;;;;;;;;;;;;;;;;;;;;;;Студенты МЭИ осваивают комплекс экономических наук. Бакалавры решают прикладные задачи с использованием современных экономических методов. Отдельное внимание уделяется получению навыков работы с финансовой отчетностью, а также с профильными программами. МЭИ помогает получить самые актуальные знания в экономической сфере.;Аналитик, аудитор, банковский менеджер, бухгалтер, коммерческий директор, консультант по экономическим вопросам, менеджер по маркетингу, менеджер по оценкам рисков, налоговый инспектор, экономист;г. Москва, ул. Красноказарменная, д. 17;39;40;44;;;;;;;;;2;1;1;0;0;0;0;0;0;0;0;;;;;;;;5;1;5;0;0;
г. Москва;0006;НИУ «МЭИ»;Экономика и управление;38.03.01 Экономика;007063;Экономика и экономическая безопасность предприятия (организации);Инженерно-экономический институт;Да;;;;8;200;;;4;;;0;200;5;;;0;0;;;252;251;110;15;200;;;4; 198,000    ;Набора не было;0;200;5;92,000;Набора не было;0;150;5; 86,000 ;;;;;;;;;;;;;;;;;;;;;;;;;;;;;;;;;;;;;;;;;;;;;;;;;;;;;;;;;;Студенты МЭИ изучают широкий комплекс экономических дисциплин, а также отдельное внимание уделяется выработке мер по экономической безопасности предприятия. Помимо знаний экономики студенты в МЭИ умеют разбираться в сфере информационных технологий, а также учатся работать в профильных программах.;Аналитик, аудитор, банковский менеджер, бухгалтер, коммерческий директор, консультант по экономическим вопросам, менеджер по маркетингу, менеджер по оценкам рисков, налоговый инспектор, экономист;г. Москва, ул. Красноказарменная, д. 17;39;40;44;;;;;;;;;2;1;1;0;0;0;0;0;0;0;0;;;;;;;;5;1;5;0;0;
г. Москва;0006;НИУ «МЭИ»;Экономика и управление;38.03.01 Экономика;007065;Аналитическая экономика;Инженерно-экономический институт;Да;;;;8;200;;;4;;;0;200;5;;;0;0;;;252;251;110;15;200;;;4; 198,000    ;Набора не было;0;0;;;Набора не было;0;150;5; 86,000 ;;;;;;;;;;;;;;;;;;;;;;;;;;;;;;;;;;;;;;;;;;;;;;;;;;;;;;;;;;Студенты МЭИ изучают комплекс экономических дисциплин. Отдельное внимание уделяется выработке навыков экономического анализа. Студенты учатся работать с финансовой отчетностью, на основе аналитики компании выдвигать предложения по улучшению.;Аналитик, аудитор, банковский менеджер, бухгалтер, коммерческий директор, консультант по экономическим вопросам, менеджер по маркетингу, менеджер по оценкам рисков, налоговый инспектор, экономист;г. Москва, ул. Красноказарменная, д. 17;39;40;44;;;;;;;;;2;1;1;0;0;0;0;0;0;0;0;;;;;;;;5;1;5;0;0;
г. Москва;0006;НИУ «МЭИ»;Экономика и управление;38.03.01 Экономика;200105;Экономика предприятий и организаций;Инженерно-экономический институт;Да;;;;8;200;;;4;;;0;25;5;;;0;0;;;252;251;110;15;200;;;4; 198,000    ;Набора не было;0;200;5;92,000;Набора не было;0;25;5; 86,000 ;;;;;;;;;;;;;;;;;;;;;;;;;;;;;;;;;;;;;;;;;;;;;;;;;;;;;;;;;;Студенты МЭИ отдельно изучают условия функционирования предприятий в сфере туризма и сервиса. Бакалавры учатся планировать доходы и расходы предприятия, анализировать финансово-хозяйственную деятельность предприятия, а также работать в специализированных программах.;Аналитик, аудитор, банковский менеджер, бухгалтер, коммерческий директор, консультант по экономическим вопросам, менеджер по маркетингу, менеджер по оценкам рисков, налоговый инспектор, экономист;г. Москва, ул. Красноказарменная, д. 17;39;40;44;;;;;;;;;2;1;1;0;0;0;0;0;0;0;0;;;;;;;;5;1;5;0;0;
г. Москва;0006;НИУ «МЭИ»;Экономика и управление;38.03.01 Экономика;007064;Экономика предприятий и организаций;Институт энергоэффективности и водородных технологий ИЭВТ;Да;;;;0;0;;;;;;0;25;5;;;0;25;5;;Набора не было;Набора не было;;0;25;;;4; 198,000    ;Набора не было;0;25;5;92,000;Набора не было;0;15;5; 86,000 ;;;;;;;;;;;;;;;;;;;;;;;;;;;;;;;;;;;;;;;;;;;;;;;;;;;;;;;;;;Студенты МЭИ отдельно изучают условия функционирования предприятий в сфере туризма и сервиса. Бакалавры учатся планировать доходы и расходы предприятия, анализировать финансово-хозяйственную деятельность предприятия, а также работать в специализированных программах.;Аналитик, аудитор, банковский менеджер, бухгалтер, коммерческий директор, консультант по экономическим вопросам, менеджер по маркетингу, менеджер по оценкам рисков, налоговый инспектор, экономист;г. Москва, ул. Красноказарменная, д. 17;39;40;44;;;;;;;;;2;1;1;0;0;0;0;0;0;0;0;;;;;;;;5;1;5;0;0;
г. Москва;0006;НИУ «МЭИ»;Экономика и управление;38.03.01 Экономика;007066;Корпоративные финансы;Инженерно-экономический институт;Да;;;;8;200;;;4;;;0;200;5;;;0;0;;;252;251;110;15;200;;;4; 198,000    ;Набора не было;0;0;;;Набора не было;0;0;;;;;;;;;;;;;;;;;;;;;;;;;;;;;;;;;;;;;;;;;;;;;;;;;;;;;;;;;;;;Студенты МЭИ изучают комплекс экономических дисциплин. Отдельное внимание уделяется изучению сферы корпоративных финансов. Учащиеся получают навыки ведения бухгалтерского и управленческого учета, анализа и прогнозирования финансовой стабильности компании.;Аналитик, аудитор, банковский менеджер, бухгалтер, коммерческий директор, консультант по экономическим вопросам, менеджер по маркетингу, менеджер по оценкам рисков, налоговый инспектор, экономист;г. Москва, ул. Красноказарменная, д. 17;39;40;44;;;;;;;;;2;1;1;0;0;0;0;0;0;0;0;;;;;;;;5;1;5;0;0;
г. Москва;0006;НИУ «МЭИ»;Экономика и управление;38.03.02 Менеджмент;007068;Финансовый менеджмент;Инженерно-экономический институт;Да;;;;0;0;;;;;;0;0;;;;0;200;5;;156;261;131;10;100;;;4; 198,000    ;Набора не было;0;250;5;92,000;Набора не было;0;200;5; 86,000 ;;;;;;;;;;;;;;;;;;;;;;;;;;;;;;;;;;;;;;;;;;;;;;;;;;;;;;;;;;Бакалавры МЭИ делают акцент на изучении профильных экономических дисциплин. Студенты учатся анализировать финансовую информацию, работать с финансовой отчетностью. В своей деятельности учащиеся применяют новейшие технологические разработки.;Аудитор, оценщик, финансовый аналитик, финансовый менеджер, экономист, менеджер;г. Москва, ул. Красноказарменная, д. 17;39;40;44;;;;;;;;;2;1;1;0;0;0;0;0;0;0;0;;;;;;;;5;1;5;0;0;
г. Москва;0006;НИУ «МЭИ»;Экономика и управление;38.03.02 Менеджмент;200279;Государственная и муниципальная служба;Инженерно-экономический институт;Да;;;;0;0;;;;;;0;250;5;;;0;200;5;;Набора не было;Набора не было;Набора не было;0;0;;;;;Набора не было;0;250;5;92,000;Набора не было;0;200;5; 86,000 ;;;;;;;;;;;;;;;;;;;;;;;;;;;;;;;;;;;;;;;;;;;;;;;;;;;;;;;;;;В рамках программы студенты организовывать работу в органах государственной и муниципальной власти, учатся формировать и продвигать положительный имидж государственной и муниципальной службы, страны и территории. Учащиеся получают навык работы с профессиональными документами, а также навык деловой этики.;HR-менеджер, государственный служащий, лоббист, менеджер по персоналу, референт, специалист по антикризисному управлению, специалист по государственному и муниципальному управлению, финансовый менеджер;г. Москва, ул. Красноказарменная, д. 17;39;40;44;;;;;;;;;2;1;1;0;0;0;0;0;0;0;0;;;;;;;;5;1;5;0;0;
г. Москва;0006;НИУ «МЭИ»;Экономика и управление;38.03.02 Менеджмент;200106;Логистические системы в экономике и управлении;Инженерно-экономический институт;Да;;;;0;0;;;;;;0;250;5;;;0;200;5;;Набора не было;Набора не было;Набора не было;0;0;;;;;Набора не было;0;250;5;92,000;Набора не было;0;200;5; 86,000 ;;;;;;;;;;;;;;;;;;;;;;;;;;;;;;;;;;;;;;;;;;;;;;;;;;;;;;;;;;Объектами профессиональной деятельности логиста являются различные организации экономической, производственной и социальной сферы, подразделения системы управления государственных предприятий, акционерных обществ и частных фирм. Она распространяется также на научно-производственные объединения, научные, конструкторские и проектные организации, органы государственного управления и социальной инфраструктуры народного хозяйства.;Инженер-программист, системный аналитик, специалист в сфере системного анализа, специалист по ERP-системам, специалист по IT-системам;г. Москва, ул. Красноказарменная, д. 17;39;40;44;;;;;;;;;2;1;1;0;0;0;0;0;0;0;0;;;;;;;;5;1;5;0;0;
г. Москва;0006;НИУ «МЭИ»;Экономика и управление;38.03.02 Менеджмент;200107;Маркетинг;Инженерно-экономический институт;Да;;;;0;0;;;;;;0;250;5;;;0;200;5;;Набора не было;Набора не было;Набора не было;0;0;;;;;Набора не было;0;250;5;92,000;Набора не было;0;200;5; 86,000 ;;;;;;;;;;;;;;;;;;;;;;;;;;;;;;;;;;;;;;;;;;;;;;;;;;;;;;;;;;Студенты осваивают, историю менеджмента, а также современные подходы к менеджменту. Студенты учатся разрабатывать бизнес-планы по созданию нового продукта, разрабатывать стратегии управления кадрами организации. Учащиеся знакомятся с современными разработками по управлению и мотивации персонала. Учащиеся формируют навык анализа экономической информации, навык работы с документами, а также навык принятия грамотных управленческих решений.;"SMM-специалист; pr-менеджер; менеджер по связям с общественностью; начальник отдела персонала; супервайзер; тренинг-менеджер;";г. Москва, ул. Красноказарменная, д. 17;39;40;44;;;;;;;;;2;1;1;0;0;0;0;0;0;0;0;;;;;;;;5;1;5;0;0;
г. Москва;0006;НИУ «МЭИ»;Экономика и управление;38.03.02 Менеджмент;200108;Управление человеческими ресурсами;Инженерно-экономический институт;Да;;;;0;0;;;;;;0;250;5;;;0;200;5;;Набора не было;Набора не было;Набора не было;0;0;;;;;Набора не было;0;250;5;92,000;Набора не было;0;200;5; 86,000 ;;;;;;;;;;;;;;;;;;;;;;;;;;;;;;;;;;;;;;;;;;;;;;;;;;;;;;;;;;Выпускники программы должны уметь продумывать планы по мотивированию и стимулированию персонала организации, диагностировать организационную культуру коллектива, выявлять его сильные и слабые стороны, формировать предложения по ее совершенствованию, а также разрабатывать стратегии управления кадрами организации. У каждого зачисленного есть возможность освоить дополнительные программы совместно с университетом Франции и университетом СНГ.;"Менеджер по персоналу; тренинг-менеджер; менеджер по продукту; менеджер по маркетингу; руководитель; помощник руководителя/секретарь/офис-менеджер; менеджер по pr; SMM-специалист";г. Москва, ул. Красноказарменная, д. 17;39;40;44;;;;;;;;;2;1;1;0;0;0;0;0;0;0;0;;;;;;;;5;1;5;0;0;
г. Москва;0006;НИУ «МЭИ»;Экономика и управление;38.03.02 Менеджмент;007067;Менеджмент предприятий и организаций;Инженерно-экономический институт;Да;;;;5;100;;;4;;;0;0;;;;0;200;5;;246;261;131;10;100;;;4; 198,000    ;Набора не было;0;0;;;Набора не было;0;0;;;;;;;;;;;;;;;;;;;;;;;;;;;;;;;;;;;;;;;;;;;;;;;;;;;;;;;;;;;;Студенты МЭИ учатся руководить предприятием. Для этого изучаются различные аспекты менеджмента: персонал, финансовые отделы, производство. Учащиеся получают навыки работы с финансовой отчетностью, решения прикладных задач и кейсов, а также выработке управленческих решений на основе аналитики компании.;Аудитор, оценщик, финансовый аналитик, финансовый менеджер, экономист, менеджер;г. Москва, ул. Красноказарменная, д. 17;39;40;44;;;;;;;;;2;1;1;0;0;0;0;0;0;0;0;;;;;;;;5;1;5;0;0;
г. Москва;0006;НИУ «МЭИ»;Компьютерные и информационные науки;38.03.05 Бизнес-информатика;007069;Информационное и программное обеспечение бизнес-процессов;Инженерно-экономический институт;Да;;;;2;50;;;4;;;0;100;5;;;0;100;5;;Набора не было;Набора не было;135;0;50;;;4; 198,000    ;Набора не было;0;100;5;92,000;Набора не было;0;100;5; 86,000 ;;;;;;;;;;;;;;;;;;;;;;;;;;;;;;;;;;;;;;;;;;;;;;;;;;;;;;;;;;Студенты МЭИ учатся решать задачи по информационному и программному обеспечению бизнес-процессов, обеспечить информационно-аналитическую поддержку принятия решений управления бизнесом, а также создавать новые бизнесы на основе инноваций в сфере.;Архитектор информационных систем, бизнес-аналитик, бизнес-информатик, информатик (специалист по информационным технологиям);г. Москва, ул. Красноказарменная, д. 17;39;40;44;;;;;;;;;2;1;1;0;0;0;0;0;0;0;0;;;;;;;;5;1;5;0;0;
г. Москва;0006;НИУ «МЭИ»;СМИ и издательское дело;42.03.01 Реклама и связи с общественностью;200109;Дизайн в рекламе;Гуманитарно-прикладной институт;Да;;;;0;0;;;;;;0;0;;;;0;150;5;;Набора не было;Набора не было;Набора не было;0;0;;;;;Набора не было;0;150;5;92,000;Набора не было;0;130;5; 86,000 ;;;;;;;;;;;;;;;;;;;;;;;;;;;;;;;;;;;;;;;;;;;;;;;;;;;;;;;;;;Выпускники программы должны анализировать и определять требования к дизайн-проекту и синтезировать набор возможных решений задачи или подходов к выполнению дизайн-проекта. Обосновывать свои предложения при разработке проектной идеи, основанной на концептуальном, творческом подходе к решению дизайнерской задачи и проектировать объекты графического дизайна;Бренд-менеджер,Имиджмейкер, Медиа-байер, Медиапланер, Менеджер по PR, Менеджер по рекламе;г. Москва, ул. Красноказарменная, д. 17;;40;44;;;40;;;;;;0;1;2;0;0;1;0;0;0;0;0;;;;;;;;5;1;5;0;0;
г. Москва;0006;НИУ «МЭИ»;СМИ и издательское дело;42.03.01 Реклама и связи с общественностью;200111;Реклама и связи с общественностью;Гуманитарно-прикладной институт;Да;;;;0;0;;;;;;0;120;5;;;0;0;;;Набора не было;Набора не было;Набора не было;0;0;;;;;Набора не было;0;150;5;92,000;Набора не было;0;130;5; 86,000 ;;;;;;;;;;;;;;;;;;;;;;;;;;;;;;;;;;;;;;;;;;;;;;;;;;;;;;;;;;Студенты овладевают технологиями рекламной деятельности и связей с общественности, организацией работы отдела в компаниях различных направленностей. Большое внимание уделяется использованию современных компьютерных технологий в рекламной деятельности.;Event-менеджер, Менеджер по маркетингу, Креатор, SMM менеджер, Account менеджер, Project менеджер, Менеджер по PR;г. Москва, ул. Красноказарменная, д. 17;;40;44;;;40;;;;;;0;1;2;0;0;1;0;0;0;0;0;;;;;;;;5;1;5;0;0;
г. Москва;0006;НИУ «МЭИ»;СМИ и издательское дело;42.03.01 Реклама и связи с общественностью;200110;Реклама и управление в гостиничном бизнесе и туризме;Гуманитарно-прикладной институт;Да;;;;0;0;;;;;;0;0;;;;0;150;5;;Набора не было;Набора не было;Набора не было;0;0;;;;;Набора не было;0;0;;;Набора не было;0;130;5; 86,000 ;;;;;;;;;;;;;;;;;;;;;;;;;;;;;;;;;;;;;;;;;;;;;;;;;;;;;;;;;;Будущие выпускники осуществляют управление отношениями компании с органами власти, создавают эффективную систему управления кадрами и социальными процессами на предприятии, а также участвуют в формировании эффективных внутренних коммуникаций команды;Креатор, SMM менеджер, Account менеджер, Project менеджер, Менеджер по PR;г. Москва, ул. Красноказарменная, д. 17;;40;44;;;40;;;;;;0;1;2;0;0;1;0;0;0;0;0;;;;;;;;5;1;5;0;0;
г. Москва;0006;НИУ «МЭИ»;СМИ и издательское дело;42.03.01 Реклама и связи с общественностью;007070;Связи с общественностью;Гуманитарно-прикладной институт;Да;;;;0;90;;;4;;;0;0;;;;0;0;;;Набора не было;Набора не было;137;0;80;;;4; 220,000    ;Набора не было;0;0;;;Набора не было;0;0;;;;;;;;;;;;;;;;;;;;;;;;;;;;;;;;;;;;;;;;;;;;;;;;;;;;;;;;;;;;Студенты МЭИ формируют навыки презентации, работы с большими объемами информации, а также изучают современные подходу у организации маркетинговой и рекламной деятельности, изучают новейшие методики в сфере работы с коллективом. Развиваются навыки презентации, ораторского искусства, а также навык деловой этики.;GR-менеджер, PR-менеджер, рекламный агент, бренд-менеджер, имиджмейкер, контент-менеджер, маркетолог-аналитик;г. Москва, ул. Красноказарменная, д. 17;;40;44;;;;40;;;;;0;1;1;0;0;0;2;0;0;0;0;;;;;;;;5;1;5;0;0;
г. Москва;0006;НИУ «МЭИ»;Языки и литература;45.03.02 Лингвистика;007071;Перевод и переводоведение;Гуманитарно-прикладной институт;Да;;;;0;45;;;4;;;0;0;;;;0;0;;;Набора не было;Набора не было;150;0;45;;;4; 198,000    ;Набора не было;0;0;;;Набора не было;0;0;;;;;;;;;;;;;;;;;;;;;;;;;;;;;;;;;;;;;;;;;;;;;;;;;;;;;;;;;;;;Студенты МЭИ углубленно изучают иностранный язык, знакомятся с его историей и культурой. Также студенты учатся осуществлять разноплановый перевод, организовывать деловые переговоры, конференции, симпозиумы и семинары с использованием нескольких рабочих языков, подготавливать информационные материалы на русском и иностранном языках о международных мероприятиях, проводимых в России и за рубежом. Учащиеся получают навык преподавания.;PR-менеджер, гид-переводчик, дипломат, журналист-международник, корректор, международник, менеджер по внешнеэкономической деятельности, переводчик, переводчик-референт, переводчик-синхронист, пресс-секретарь, редактор, учитель иностранного языка;г. Москва, ул. Красноказарменная, д. 17;;40;;;;40;40;;;;;0;1;0;0;0;1;2;0;0;0;0;;;;;;;;5;1;5;0;0;
г. Москва;0006;НИУ «МЭИ»;Дизайн и изобразительное искусство;54.03.01 Дизайн;007072;Графический дизайн;Гуманитарно-прикладной институт;Да;;;;5;30;;;4;;;0;70;5;;;0;0;;;Набора не было;Набора не было;224;0;30;;;4; 388,000    ;Набора не было;0;100;5;97,000;Набора не было;0;0;;;;;;;;;;;;;;;;;;;;;;;;;;;;;;;;;;;;;;;;;;;;;;;;;;;;;;;;;;;;Студенты МЭИ осваивают графические программы и другие технологичные способы реализовывать дизайнерскую деятельность. Учащиеся формируют умение преобразовывать идею в ее графическое воплощение. В МЭИ преподаются такие дисциплины, как: рисунок, живопись, история, IT-технологии, что позволяет будущим профессионалам справляться с современными задачами на высоком уровне.;Бренд-дизайнер, web-дизайнер, дизайнер компьютерных игр, дизайнер упаковки,;г. Москва, ул. Красноказарменная, д. 17;;40;;;;;;;40;;;0;1;0;0;0;0;0;0;1;0;0;Рисунок;Портфолио;;;;;;5;1;5;0;0;
г. Москва;0006;НИУ «МЭИ»;Дизайн и изобразительное искусство;54.03.01 Дизайн;007074;Дизайн интерьера;Гуманитарно-прикладной институт;Да;;;;5;30;;;4;;;0;70;5;;;0;0;;;Набора не было;Набора не было;224;0;30;;;4; 388,000    ;Набора не было;0;100;5;97,000;Набора не было;0;0;;;;;;;;;;;;;;;;;;;;;;;;;;;;;;;;;;;;;;;;;;;;;;;;;;;;;;;;;;;;Студенты МЭИ учатся создавать архитектурно-дизайнерские проекты экстерьера и интерьера помещений, осуществлять авторский контроль при реализации проекта, а также работать в компьютерных программах.;Архитектор-дизайнер, архитектор-реставратор, дизайнер интерьера, дизайнер ландшафта, дизайнер мебели, дизайнер освещения, ландшафтный архитектор, специалист по облицовочным работам, специалист по отделочным работам;г. Москва, ул. Красноказарменная, д. 17;;40;;;;;;;40;;;0;1;0;0;0;0;0;0;1;0;0;Рисунок;Портфолио;;;;;;5;1;5;0;0;
г. Москва;0006;НИУ «МЭИ»;Дизайн и изобразительное искусство;54.03.01 Дизайн;007073;Дизайн предметно-пространственной среды;Гуманитарно-прикладной институт;Да;;;;5;30;;;4;;;0;70;5;;;0;0;;;Набора не было;Набора не было;224;0;30;;;4; 388,000    ;Набора не было;0;100;5;97,000;Набора не было;0;0;;;;;;;;;;;;;;;;;;;;;;;;;;;;;;;;;;;;;;;;;;;;;;;;;;;;;;;;;;;;Студенты МЭИ учатся выдвигать, создавать, разрабатывать дизайн-проекты домов и квартир, магазинов, выставочных стендов, офисных помещений, витрин, рекламы, стен, фасадов зданий. Умеют выбирать наиболее эффективные и безопасные материалы для своих изделий, проводить экономическую оценку своих решений.;PR-писатель, архивариус, архивист, журналист, копирайтер, корректор, литературовед, музейный работник, переводчик, преподаватель иностранных языков и литературы, редактор, учитель, филолог, филолог-исследователь;г. Москва, ул. Красноказарменная, д. 17;;40;;;;;;;40;;;0;1;0;0;0;0;0;0;1;0;0;Рисунок;Портфолио;;;;;;5;1;5;0;0;
