id вуза;Федеральный округ;Регион;Аббревиатура;Название ВУЗа;Тип вуза;Направление вуза;Официальный сайт;Адрес;Телефон приемной комиссии;Сведения о лицензии;О вузе в цифрах;Форма обучения;Международные программы;Возможность получения двойного диплома;Наличие военной кафедры;Отсрочка от армии;Внеучебная деятельность;Общежитие;Стоимость общежития по бюджету (мес);Стоимость общежития по договору (мес);Государственная академическая стипендия (мес.);Стипендия за особые успехи в учебе;Стипендия по социальным льготам;Известные выпускники;Телефон;Ссылка на видео;VK;Instagram;YouTube;Средний бал по бюджету;Средний бал по договору;import_id (Для внутренних целей, менять не нужно)
1000000;Центральный ФО;Московская область;ПущГЕНИ;Пущинский государственный естественно-научный институт;Негосударственный вуз;Государственный;www.pushgu.ru;142290, обл Московская, г Пущино, пр-кт Науки, 3;8(4967) 732538;от 13.09.2016 №2382. Бессрочно;;;;;Нет;Есть;;Есть;678 — 2000 ₽;678 — 2000 ₽;;;;;8(4967) 731857;https://www.youtube.com/watch?v=laWhADNgbWc&t=24s;https://vk.com/pushgeni;https://www.instagram.com/genipush;;0;63;25
1000001;Приволжский ФО;Самарская область;ТГУ;Тольяттинский государственный университет;Негосударственный вуз;Государственный;tltsu.ru;445020, обл Самарская, г Тольятти, ул Белорусская, д. 14;(8482) 50-11-00;от 03.08.2016 №2300. Бессрочно;;;;;Есть;Есть;;Есть;728.66 — 930.58 ₽;728.66 — 930.58 ₽;;;;;(8482) 53-92-47;https://www.youtube.com/watch?v=fuPRN6C1auA;https://vk.com/tltsu;https://www.instagram.com/tgu_tlt/;https://www.youtube.com/user/telestudiatgu;63.3;61;102
1000002;Северо-Западный ФО;Вологодская область;ЧГУ;Череповецкий государственный университет;Негосударственный вуз;Государственный;chsu.ru;162600, обл Вологодская, г Череповец, пр-кт Луначарского, 5;8 (8202) 51-71-88, 8 (8202) 51-81-70;от 12.08.2016 №2331, бессрочная;;;;;Нет;Есть;;Есть;245 — 950 ₽;245 — 950 ₽;;;;;8202556597;https://www.youtube.com/watch?v=MZxPbIbzIYw;https://vk.com/chsu35;https://www.instagram.com/chsu.ru/;https://www.youtube.com/user/35chsu;65.45;66;154
1000003;Центральный ФО;Московская область;Филиал МАИ в г.Химки;"Филиал ""ракетно-космическая техника"" ""Московский авиационный институт (Национальный исследовательский университет)"" в г.Химки";Негосударственный вуз;Государственный;rktmai-khimki.ru;141400, обл Московская, г Химки, ул Репина, ДОМ 3;;от 18.02.2016 №1961, бессрочная;;;;;;;;;;;;;;;4955712447;;;;;;;197
1000004;Приволжский ФО;Самарская область;СаГа;Самарская гуманитарная академия;Негосударственный вуз;Негосударственный;;443011, обл Самарская, г Самара, ул Радиальная 8-я, 31;8 (846) 22-66-588, 89879577732, 89879899927;от 29.04.2015 №1417, бессрочная;;;;;Нет;Есть;;Есть;;;;;;;;;;;;;56.52;280
1000005;Южный ФО;Ростовская область;ИУБиП;Южный университет (ИУБиП);Негосударственный вуз;Негосударственный;http://www.iubip.ru;344068, обл Ростовская, г Ростов-на-Дону, пр-кт Михаила Нагибина, ДОМ 33А/47;8 (800) 77-55-012, (863) 292-45-65;от 20.04.2015 №1389, бессрочная;;;;;Нет;Есть;;Есть;;;;;;;8 (800) 77-55-012;;;;;;55.3;282
1000006;Центральный ФО;г. Москва;ПСТГУ;Православный Свято-Тихоновский гуманитарный университет;Негосударственный вуз;Негосударственный;http://pstgu.ru;115184, г Москва, ул Новокузнецкая, ДОМ 23Б;+7(495)114-50-73, +7(495)114-50-85, +7901-572-78-22;от 22.06.2017 №2603, бессрочная;;;;;Нет;;;;;;;;;;8(495)953-31-21;;;;;72.6;66.07;307
1000007;Приволжский ФО;Самарская область;Университет МИР;"Самарский университет государственного управления ""Международный институт рынка""";Негосударственный вуз;Негосударственный;;443030, обл Самарская, г Самара, ул Г.С.Аксакова, ДОМ 21;;от 19.06.2017 №2602, бессрочная;;;;;;;;;;;;;;;;;;;;51;57.78;336
1000008;Центральный ФО;Ивановская область;Шуйский филиал ИвГУ;"Шуйский филиал ""Ивановский государственный университет""";Негосударственный вуз;Государственный;sspu.ru;155908, обл Ивановская, р-н Шуйский, г Шуя, ул Кооперативная, 24;(49351)31061;от 26.09.2016 №2405, бессрочная;;;;;Нет;Есть;;Есть;620 — 5250 ₽;620 — 5250 ₽;;;;;4935131122;;https://vk.com/shuyavuz;;;63.82;53.78;381
1000009;Сибирский ФО;Красноярский край;Филиал СибГУ в г. Лесосибирске;Филиал СибГУ вЛесосибирске;Негосударственный вуз;Государственный;lfsibgu.ru;662543, край Красноярский, г Лесосибирск, ул Победы, ДОМ 29, КОРПУС 2;8 (39145) 6-11-59;от 29.05.2017 №2595, бессрочная;;;;;Нет;Есть;;Есть;100 — 770 ₽;100 — 770 ₽;;;;;8(39145)6-28-03;https://youtu.be/t1RAbyOzUnE;https://vk.com/lfsibgu;;;54.4;53.14;383
1000010;Центральный ФО;Смоленская область;филиал МЭИ в г. Смоленске;"Филиал ""НИУ ""МЭИ"" в Смоленске";Негосударственный вуз;Государственный;sbmpei.ru;214013, обл Смоленская, г Смоленск, проезд Энергетический, ДОМ 1;+7(4812)38-37-11;от 14.10.2015 №1702, бессрочная;;;;;Нет;Есть;;Есть;;;;;;;+7(4812)65-14-61;;;;;63.84;55.21;386
1000011;Центральный ФО;Московская область;Филиал МИРЭА в г. Фрязино;"Филиал ""МИРЭА - Российский технологический университет"" в Фрязино";Негосударственный вуз;Государственный;https://f-mirea.ru/;141190, обл Московская, г Фрязино, ул Вокзальная, ДОМ 2А;8 (499)215-65-65, 8(965)146-31-44;от 08.06.2018 №2750, бессрочная;;;;;Нет;Есть;;Нет;;;;;;;+7 (495) 465-88-97;;https://vk.com/mirea_official, https://vk.com/mireafryazino;;;62.34;60.25;387
1000012;Приволжский ФО;Республика Башкортостан;Филиал УГНТУ в г. Салавате;"Филиал ""Уфимский государственный нефтяной технический университет"" в Салавате";Негосударственный вуз;Государственный;www.sfugntu.ru;453250, Респ Башкортостан, г Салават, ул Губкина, 22Б;3476330850;от 08.07.2016 №2259, бессрочная;;;;;Нет;Есть;;Есть;1000 — 1867 ₽;1000 — 1867 ₽;;;;;3476330850;https://www.youtube.com/watch?v=BMx3AvWrRAo;https://vk.com/ugntu_str;;;64.4;49.79;392
1000013;Южный ФО;Краснодарский край;Новороссиский филиал ПГУ;"Новороссийский филиал ""Пятигорский государственный университет""";Негосударственный вуз;Государственный;nf-pgu.ru;353910, край Краснодарский, г. Новороссийск, ул Куникова, дом 47Б;8 (8617) 221205;от 20.06.2016 №2213, бессрочная;;;;;Нет;Есть;;Нет;;;;;;;8 (8617) 221205;;;;;80;61.78;398
1000014;Южный ФО;Астраханская область;ФАГУ;"Филиал ""Астраханский государственный университет"" в г Знаменске Астраханской области";Негосударственный вуз;Государственный;znamensk.asu.edu.ru;416540, обл Астраханская, г Знаменск, ул Островского, ДОМ 16;(85140) 2-46-88, (8512) 24-64-07;от 21.01.2016 №1893, бессрочная;;;;;Нет;Есть;;Нет;;;;;;;(85140) 24688, (8512) 246666;https://www.youtube.com/watch?time_continue=110&v=SWZu9RNQqHU;https://vk.com/aguznam;;;55.2;0;401
1000015;Приволжский ФО;Республика Мордовия;Ковылкинской филиал МГУ им. Н. П. Огарёва;"Ковылкинский филиал ""Национальный исследовательский Мордовский государственный университет им. Н.П. Огарёва""";Негосударственный вуз;Государственный;http://www.kf.mrsu.ru/;431350, Респ Мордовия, г Ковылкино, ул Желябова, 26;"8(83453)4-15-60; 8(83453) 4-30-43 ";от 24.06.2016 №2218, бессрочная;;;;;Нет;Есть;;Есть;450 — 450 ₽;450 — 450 ₽;;;;;"8(83453)4-15-60; 8(83453) 4-30-43 ";;https://vk.com/kfmgu;https://vk.com/kfmgu;https://vk.com/kfmgu;;;411
1000016;Приволжский ФО;Республика Татарстан;ЕИ КФУ;Елабужский институт (филиал) Казанского Федерального Университета;Негосударственный вуз;Государственный;https://kpfu.ru/elabuga;423600, Респ Татарстан, р-н Елабужский, г Елабуга, ул Казанская, 89;(85557) 7-55-62;от 22.09.2015 №1664, бессрочная;;;;;Нет;Есть;;Есть;378 — 536 ₽;378 — 536 ₽;;;;;(85557) 7-54-21;;https://vk.com/priemeikfu;https://instagram.com/kpfu_elabuga_edu/;http://www.youtube.com/user/elabugastudio;73.58;56.02;412
1000017;Южный ФО;Краснодарский край;Филиал КубГТУ;"Новороссийский политехнический институт (филиал) ""Кубанский государственный технологический университет""";Негосударственный вуз;Государственный;https://npi.edu.ru/;353900, край Краснодарский, г Новороссийск, ул Карла Маркса, 20;(8617)61-29-71;от 26.09.2016 №2402, бессрочная;;;;;Нет;Нет;;Нет;;;;;;;8617641814;;https://vk.com/club165266910;https://www.instagram.com/npi_politex/;;;;417
1000018;Южный ФО;Волгоградская область;Филиал МЭИ в г. Волжском;"Филиал ""Национальный исследовательский университет ""МЭИ"" в Волжском";Негосударственный вуз;Государственный;vfmei.ru;404110, обл Волгоградская, г Волжский, пр-кт им Ленина, ДОМ 69;8 (8443) 21-01-81;от 14.10.2015 №1702, бессрочная;;;;;Нет;Есть;;Нет;;;;;;;8443210160;https://www.youtube.com/watch?v=_GZeu4A0OKE;;;;66.82;46.67;418
1000019;Северо-Кавказский ФО;Республика Дагестан;Филиал СПбГЭУ в Кизляре;"Филиал ""Санкт-Петербургский государственный экономический университет"" в Кизляре";Негосударственный вуз;Государственный;kiz-engec.ru;368830, Респ Дагестан, г Кизляр, ул Ленина, 14;8 (87239) 3-03-82 (коммутатор);от 05.09.2014 №1083. Бессрочно;;;;;Нет;Есть;;Нет;;;;;;;8 (87239) 3-03-82;;;https://www.instagram.com/spbgeu_kizlyar_05/;https://www.youtube.com/channel/UCvhyX-BqPeIQPl0PH68EUfQ;;3.7;431
1000020;Центральный ФО;Рязанская область;Рязанский филиал ВШНИ;"Рязанский филиал ""Высшая школа народных искусств (академия)""";Негосударственный вуз;Государственный;vshni-rzn.ru;390046, обл Рязанская, г Рязань, ул Есенина, ДОМ 112;"8(4912) 44-44-72; 28-23-78";от 02.03.2018 №2723, бессрочная;;;;;Нет;Есть;;Нет;;;;;;;4912444472;;https://vk.com/vshnirzn;https://www.instagram.com/@vshni_rzn;;3.9;4;440
1000021;Южный ФО;Ростовская область;Филиал ДГТУ в Азове;"Технологический институт (филиал) ""Донской государственный технический университет"" в Азове Ростовской области";Негосударственный вуз;Государственный;atidstu.ru;346780, обл Ростовская, г Азов, ул Промышленная, 1;88634244272;от 27.06.2016 №2245, бессрочная;;;;;Нет;Есть;;Есть;;;;;;;88634241815;;;;;54.17;50.25;448
1000022;Дальневосточный ФО;Приморский край;Филиал ДВФУ в г. Дальнереченск;"Филиал ""Дальневосточный федеральный университет"" в г . Дальнереченске";Негосударственный вуз;Государственный;;692100, край Приморский, г Дальнереченск, ул Ленина, 69А;(42356) 33-3-95;от 01.07.2016 №2241, бессрочная;;;;;Нет;Есть;;Нет;;;;;;;;;;;;;;463
1000023;Центральный ФО;Белгородская область;ГФ БГТУ им.В.Г.Шухова;"Губкинский филиал ""Белгородский государственный технологический университет им. В.Г.Шухова""";Негосударственный вуз;Государственный;gfbgtu.ru;309186, обл Белгородская, г Губкин, ул Дзержинского, ДОМ 15А;(47241)7-57-69;от 20.02.2016 №1950, бессрочная;;;;;Есть;Есть;;Нет;;;;;;;4724176404;;https://vk.com/gf_bgtu;;;;;496
1000024;Южный ФО;Краснодарский край;Филиал РИНХ в Ейске;Филиал «Ростовский государственный экономический университет (РИНХ)» в Ейске;Негосударственный вуз;Государственный;rgeu.yeisk-online.ru;353680 Краснодарский край, г. Ейск, ул Янышева, 22;8(86132)2-20-42;от 08.12.2015 №1804, бессрочная;;;;;Нет;Есть;;Нет;;;;;;;(86132)2-20-42;;https://vk.com/rgeu_yeisk;;;;64.6;497
1000025;Южный ФО;Краснодарский край;Филиал КубГу в Геленджике;"Филиал ""Кубанский государственный университет"" в Геленджике";Негосударственный вуз;Государственный;http://gel.kubsu.ru;353460, край Краснодарский, г Геленджик, ул Луначарского,  д.126;8 (86141) 3-39-48;от 03.03.2016 №1982, бессрочная;;;;;Нет;Есть;;Нет;;;;;;;8 (86141) 3-23-14;;;https://www.instagram.com/kubgu_v_gelendzhik/?hl=ru;;0;4.02;500
1000026;Северо-Кавказский ФО;Республика Дагестан;Филиал РИНХ в Махачкале;"Филиал ""Ростовский государственный экономический университет(РИНХ)"" в Махачкале";Негосударственный вуз;Государственный;rsue-rd.ru;367012, Респ Дагестан, г Махачкала, ул Буйнакского, 11;(8722)67-26-16;;;;;;Нет;Есть;;Нет;;;;;;;(88722)67-26-16;;;https://instagramm.ru/rgeu_rinh/;;;55.57;504
1000027;Южный ФО;Ростовская область;Филиал РИНХ в Миллерово;"Филиал ""Ростовский государственный экономический университет (РИНХ)"" в Миллерово";Негосударственный вуз;Государственный;www.mfrgeu.ru;346130, обл Ростовская, р-н Миллеровский, г Миллерово, ул Черноморская, 52;(86385)2-59-60;от 08.12.2015 №1804, бессрочная;;;;;Нет;Есть;;Нет;;;;;;;(86385)2-59-60;https://youtu.be/ttoZgn8Pc3I;https://vk.com/public181733503;;;;56.67;509
1000028;Южный ФО;Краснодарский край;филиал РГГМУ в Туапсе;"Филиал ""Российский государственный гидрометеорологический университет"" в Туапсе";Негосударственный вуз;Государственный;tuapse.rshu.ru/;352800, край Краснодарский, р-н Туапсинский, г Туапсе, ул Морская, 7;+78616730127;от 19.10.2017 №2664, бессрочная;;;;;Нет;Есть;;Есть;;;;;;;8616760449;;https://vk.com/frggmu;https://instagram.com/rggmu_tuapse?utm_source=ig_profile_share&igshid=1jsqzqknzjklw;;53.23;45.6;512
1000029;Северо-Кавказский ФО;Карачаево-Черкесская республика;Филиал РИНХ в Черкесске;"Филиал ""Ростовский государственный экономический университет (РИНХ)"" в Черкесске";Негосударственный вуз;Государственный;rsue.info;369000, Респ Карачаево-Черкесская, г Черкесск, ул Красная, 3;(87822)6-21-56;от 08.12.2015 №1804, бессрочная;;;;;Нет;Есть;;Нет;;;;;;;(87822)6-11-51;;;https://instagram.com/rseu.rinhcherkessk;;;56.88;514
1000030;Приволжский ФО;Республика Татарстан;ЧФ КНИТУ-КАИ;"Чистопольский филиал ""Восток"" ""Казанский национальный исследовательский технический университет им. А.Н.Туполева-КАИ""";Негосударственный вуз;Государственный;vostok.kai.ru/;422981, Респ Татарстан, р-н Чистопольский, г Чистополь, ул Энгельса, ДОМ 127А;(884342) 5-69-42;от 20.04.2016 №2096, бессрочная;;;;;Нет;Есть;;Есть;;;;;;;8434245053;https://youtu.be/d7m3AYrC6Fs;https://vk.com/knitu_kai_vostok;https://instagram.com/kai_vostok_lyubov_moya;;62.65;54.98;517
1000031;Дальневосточный ФО;Приморский край;Филиал ДВФУ в Дальнегорске;"Филиал ""Дальневосточный федеральный университет"" в Дальнегорске";Негосударственный вуз;Государственный;;692446, край Приморский, г Дальнегорск, пр-кт 50 лет Октября, 124;(42373) 32121;от 01.07.2016 №2241, бессрочная;;;;;Нет;Есть;;Нет;;;;;;;;;;;;;;524
1000032;Уральский ФО;Челябинская область;Филиал ЮУрГУ;"Филиал ""Южно-Уральский государственный университет (национальный исследовательский университет)"" в Сатке";Негосударственный вуз;Государственный;;456910, обл Челябинская, р-н Саткинский, г Сатка, ул Пролетарская, 6;;от 06.12.2016 №2495, бессрочная;;;;;Нет;Есть;;;;;;;;;3516143442;;;;;;;535
1000033;Сибирский ФО;Иркутская область;Филиал ИРНИТУ Усолье-Сибирском;"Филиал ""Иркутский национальный исследовательский технический университет"" в Усолье-Сибирском";Негосударственный вуз;Государственный;www.istu.edu;665462, обл Иркутская, г Усолье-Сибирское, ул Менделеева, ДОМ 65;(39543) 70868;от 23.04.2015 №1397, бессрочная;;;;;Нет;Есть;;Есть;;;;;;;(3952) 40-55-30;;;;;;;549
1000034;Зарубежье;Казахстан (страна);"Филиал ""Восход"" МАИ в Байконуре";"Филиал ""Восход"" ""Московский авиационный институт (национальный исследовательский университет)""в Байконуре";Негосударственный вуз;Государственный;https://voshod.mai.ru;468320, г. Байконур, ул. Гагарина, д. 5;8 (33622) 51522;от 18.02.2016 №1961, бессрочная;;;;;Нет;Есть;;Нет;;;;;;;8 (33622) 51443;;;;;68.22;69.25;557
1000035;Сибирский ФО;Алтайский край;филиал АлтГУ в Бийске;"Филиал ""Алтайский государственный университет"" в Бийске";Негосударственный вуз;Государственный;http://www.asu.ru/structure/filials/biysk/;659332, край Алтайский, г Бийск, ул Социалистическая, 23/1;(3854) 240145;от 29.07.2016 №2296, бессрочная;;;;;Нет;Есть;;Нет;;;;;;;(3854) 240145;;https://vk.com/agubiysk;;;;;572
1000036;Приволжский ФО;Самарская область;Самарский филиал МГПУ;"Самарский филиал ""Московский городской педагогический университет""";Негосударственный вуз;Государственный;samara.mgpu.ru;443081, обл Самарская, г Самара, ул Стара Загора, ДОМ 76;8 (846) 932 50 38;от 25.11.2015 №1783, бессрочная;;;;;Нет;Есть;;Нет;;;;;;;8 (846) 932-50-35;;https://vk.com/sfgaouvomgpu;;;71.6;60.6;588
1000037;Сибирский ФО;Красноярский край;СГИИ имени Д.Хворостовского;Сибирский государственный институт искусств имени Дмитрия Хворостовского;Негосударственный вуз;Государственный;kgii.ru;660049, край Красноярский, г Красноярск, ул Ленина, 22;+7(391)227-81-18;от 11.12.2018 №2789, бессрочная;;;;;Нет;Нет;;Есть;;;;;;;3912124174;;vk.com/official_kgii;;;69.03;67.66;597
1000038;Приволжский ФО;Республика Башкортостан;БашГАУ;Башкирский государственный аграрный университет;Негосударственный вуз;Государственный;bsau.ru;450001, Респ Башкортостан, г Уфа, ул 50-летия Октября, ДОМ 34;(347) 216-46-42, 228-02-54;от 14.10.2015 №1700, бессрочная;;;;;Нет;Есть;;Есть;400 — 1500 ₽;400 — 1500 ₽;;;;;3472289177;;https://vk.com/bsau_ru;pk_bsau.com;;60.84;60.61;644
1000039;Центральный ФО;Костромская область;Костромская ГСХА;Костромская государственная сельскохозяйственная академия;Негосударственный вуз;Государственный;kgsxa.ru;156530, обл Костромская, р-н Костромской, п Караваево, ул Учебный городок, 34;8(4942)657102 8(4942)629123;от 05.08.2015 №1583, бессрочная;;;;;Нет;Есть;;Есть;435 — 860 ₽;435 — 860 ₽;;;;;84942657110;;https://vk.com/kgsxa;;;58.51;53.09;654
1000040;Уральский ФО;Курганская область;Курганская ГСХА;Курганская государственная сельскохозяйственная академия имени Т.С. Мальцева;Негосударственный вуз;Государственный;www.ksaa.zaural.ru;641300, обл Курганская, р-н Кетовский, с Лесниково;+7 (35231) 4-42-96;от 14.01.2016 №1875, бессрочная;;;;;Нет;Есть;;Есть;100 — 700 ₽;100 — 700 ₽;;;;;3523144140;;https://vk.com/ksaazaural;;;52.03;53.76;657
1000041;Приволжский ФО;Самарская область;Самарский ГАУ;Самарский государственный аграрный университет;Негосударственный вуз;Государственный;ssaa.ru;446442, обл Самарская, г Кинель, пгт Усть-Кинельский, ул Учебная, 2;89397540486 доб. 103;90Л01 от 27.05.2019 №0009935;;;;;Нет;Есть;;Есть;460 — 460 ₽;460 — 460 ₽;;;;;88466346131;https://www.youtube.com/watch?v=Zic1FQFBfw8&t=49s;https://vk.com/samgsha;https://www.instagram.com/ssaa.ru/?utm_source=ig_profile_share&igshid=ctp3lohwu6db;https://www.youtube.com/user/ssaatv1;55.18;50.94;667
1000042;Центральный ФО;Ярославская область;Ярославская ГСХА;Ярославская государственная сельскохозяйственная академия;Негосударственный вуз;Государственный;yaragrovuz.ru;150042, обл Ярославская, г Ярославль, ш Тутаевское, 58;8 4852 54-74-36;от 18.01.2016 №1896, бессрочная;;;;;Нет;Есть;;Есть;606.7 — 871.25 ₽;606.7 — 871.25 ₽;;;;;4852552883;https://youtu.be/VFk5--6Aav8;https://vk.com/yaragrovuz;https://www.instagram.com/yaragrovuz/;;52.09;51;678
1000043;Дальневосточный ФО;Сахалинская область;Охинский филиал СахГУ;"Охинский филиал ""Сахалинский государственный университет""";Негосударственный вуз;Государственный;sakhgu.ru;694490, обл Сахалинская, р-н Охинский, г Оха, ул Победы, ДОМ 6;8 (42437) 3-44-98;от 29.09.2016 №2414, бессрочная;;;;;Нет;Есть;;Есть;;;;;;;8 (42437) 3-44-98;;;;;3.38;3.17;697
1000044;Центральный ФО;Ярославская область;Гаврилов-Ямский филиал РГАТУ;"Гаврилов-Ямский филиал ""Рыбинский государственный авиационный технический университет имени П.А. Соловьева""";Негосударственный вуз;Государственный;rsatu.ru;152241, обл Ярославская, р-н Гаврилов-Ямский, г Гаврилов-Ям, проезд Машиностроителей, 1;;от 13.05.2016 №2133, бессрочная;;;;;Нет;;;;;;;;;;4853424600;;;;;;;699
1000045;Сибирский ФО;Омская область;Омский филиал ВШНИ;"Омский филиал ""Высшая школа народных искусств (академия)""";Негосударственный вуз;Государственный;vshni-55.ru;644045, обл Омская, г Омск, ул Марка Никифорова, ДОМ 5;3812651185;от 02.03.2018 №2723, бессрочная;;;;;Нет;Есть;;Есть;;;;;;;3812659666;;https://vk.com/vhni_omsk;;;3.9;4;700
1000046;Центральный ФО;Ивановская область;ВШНИ Холуй;"Холуйский филиал лаковой миниатюрной живописи имени Н.Н. Харламова ""Высшая школа народных искусств (академия)""";Негосударственный вуз;Государственный;http://вшнихолуй.рф;155633, обл Ивановская, р-н Южский, с Холуй, ул Московская, ДОМ 1А;4934729186;от 02.03.2018 №2723, бессрочная;;;;;Нет;Есть;;Нет;;;;;;;4934729552;http://вшнихолуй.рф/video.html;https://vk.com/public148980949;;;4.2;;701
1000047;Центральный ФО;Московская область;Федоскинский филиал ВШНИ;"Федоскинский филиал лаковой миниатюрной живописи ""Высшая школа народных искусств (академия)""";Негосударственный вуз;Государственный;fedoskino-vshni.ru;141052, обл Московская, г.о. Мытищи, с Федоскино;343535;от 02.03.2018 №2723, бессрочная;;;;;Нет;Есть;;Есть;;;;;;;8(903)014-47-47;;;;;0;0;704
1000048;Центральный ФО;Московская область;Богородский филиал ВШНИ;"Богородский филиал ""Высшая школа народных искусств (академия)""";Негосударственный вуз;Государственный;bogorodskoe-hpy.narod.ru;141342, обл Московская, р-н Сергиево-Посадский, рп Богородское;8(496)545-34-00;от 02.03.2018 №2723, бессрочная;;;;;Нет;Есть;;Есть;700 — 1000 ₽;700 — 1000 ₽;;;;;8(496)545-34-00;;https://vk.com/id500400406;;;3.73;3.6;705
1000049;Приволжский ФО;Саратовская область;Филиал СГТУ в Петровске;"Филиал ""Саратовский государственный технический университет имени Гагарина Ю.А."" в Петровске";Негосударственный вуз;Государственный;http://fsstu.ru;412541, обл Саратовская, р-н Петровский, г Петровск, 49, ----;8455521234;от 13.11.2015 №1766, бессрочная;;;;;Нет;Есть;;Есть;432.01 — 864.01 ₽;432.01 — 864.01 ₽;;;;;8455521113;https://youtube/aZx06sfLMJ4;https://m.vk.com/club68130190;;;3.81;3.78;709
1000050;Приволжский ФО;Самарская область;Филиал СаГА в Тольятти;"Филиал ЧОУ ВО ""Самарская гуманитарная академия"" в Тольятти";Негосударственный вуз;Негосударственный;;445045, обл Самарская, г Тольятти, ул Лизы Чайкиной, 87;+7 (8482) 50-72-50, +7 (987) 440-10-20;от 29.04.2015 №1417, бессрочная;;;;;Нет;;;;;;;;;;;;;;;;39.7;714
1000051;Центральный ФО;Ивановская область;Филиал ИВГПУ;"Филиал ""Ивановский государственный политехнический университет"" в Вичуге Ивановской области";Негосударственный вуз;Государственный;http://ivgpu.com/ob-universitete/filial-v-g-vichuge;155334, обл Ивановская, р-н Вичугский, г Вичуга, ул Покровского, 6;(49354)28630;от 25.02.2019 №2809, бессрочная;;;;;Нет;Есть;;Нет;;;;;;;(49354)28630;;;;;;;718
1000052;Центральный ФО;Воронежская область;Воронежский филиал РАНХиГС;"Воронежский филиал ""Российская академия народного хозяйства и государственной службы при Президенте Российской Федерации""";Негосударственный вуз;Государственный;ranepa.ru;394005, ОБЛАСТЬ ВОРОНЕЖСКАЯ, ГОРОД ВОРОНЕЖ, ПРОСПЕКТ МОСКОВСКИЙ, ДОМ 143;"Бакалавриат: 8 (473) 253-82-52; магистратура:  8 (473) 242-77-21; аспирантура: 8 (473) 274-03-93";от 07.12.2018 №2787. Бессрочно;;;;;Нет;Есть;;Нет;;;;;;;8 (473) 247-73-00;;;;;74.94;58.39;745
1000053;Уральский ФО;Свердловская область;Уральский филиал ИЦЧП;"Уральский филиал ""Исследовательский центр частного права имени С.С. Алексеева при Президенте Российской Федерации""";Негосударственный вуз;Государственный;;620014, обл Свердловская, г Екатеринбург, ул Вайнера, ДОМ 9А;;от 20.08.2015 №1603, бессрочная;;;;;;;;;;;;;;;34337134944;;;;;;;778
1000054;Центральный ФО;г. Москва;ВТУ им.М.С.Щепкина;Высшее театральное училище (институт) им.М.С.Щепкина при Государственном академическом Малом театре России;Негосударственный вуз;Государственный;shepkinskoe.ru;"109012, г Москва, ул Неглинная, 6/2, СТР.1;2";4956214702;от 09.02.2015 №1268, бессрочная;;;;;Нет;Есть;;Есть;150 — 2000 ₽;150 — 2000 ₽;;;;;4956231880;;https://vk.com/shchepkinskoe;;;71.8;70.3;790
1000055;Уральский ФО;Тюменская область;ТГИК;Тюменский государственный институт культуры;Негосударственный вуз;Государственный;tumgik.ru;625003, обл Тюменская, г Тюмень, ул Республики, ДОМ 19;8(3452)29-70-86;от 23.06.2015 №1504, бессрочная;;;;;Нет;Есть;;Нет;;;;;;;83452297039;https://www.youtube.com/watch?v=e2vOEGQxEtc&feature=youtu.be;https://vk.com/stud_tgik;;;69.47;63;807
1000056;Приволжский ФО;Республика Башкортостан;УГИИ;Уфимский государственный институт искусств имени Загира Исмагилова;Негосударственный вуз;Государственный;ufaart.ru;450008, Респ Башкортостан, г Уфа, ул Ленина, 14;+7 (347) 276-19-36;от 15.06.2016 №2194, бессрочная;;;;;Нет;Нет;;Есть;400 — 900 ₽;400 — 900 ₽;;;;;+7 (347) 272-49-83;https://www.youtube.com/watch?v=VhcfNqw3V5o;;;;69.7;65.36;808
1000057;Дальневосточный ФО;Хабаровский край;ДВГМУ;Дальневосточный государственный медицинский университет;Негосударственный вуз;Государственный;fesmu.ru;680000, край Хабаровский, г Хабаровск, ул Муравьева-Амурского, 35;8(4212) 30-23-56;от 06.09.2016 №2369, бессрочная;;;;;Нет;Нет;;Есть;;;;;;;4212305311;https://www.youtube.com/watch?v=XFGTAxDtxoo;https://vk.com/fesmu_news;;https://www.youtube.com/channel/UCJrwcBgloRHZmN40n4W1U1w;73.77;55.99;817
1000058;Сибирский ФО;Иркутская область;ИГМУ;Иркутский государственный медицинский университет;Негосударственный вуз;Государственный;mir.ismu.baikal.ru;664003, обл Иркутская, г Иркутск, ул Красного Восстания, 1;8(3952)243843;от 03.11.2016 №2454, бессрочная;;;;;Нет;;;;;;;;;;83952243825;;;;;75.95;57.38;819
1000059;Северо-Западный ФО;Архангельская область;СГМУ;Северный государственный медицинский университет;Негосударственный вуз;Государственный;nsmu.ru;163000, обл Архангельская, г Архангельск, пр-кт Троицкий, 51;8182207580;от 23.09.2016 №2400, бессрочная;;;;;Нет;;;Есть;;;;;;;8182285791;;https://vk.com/nsmu_abi;;;73.74;60.19;825
1000060;Сибирский ФО;Кемеровская область;Кузбасская ГСХА;Кузбасская государственная сельскохозяйственная академия;Негосударственный вуз;Государственный;www.ksai.ru;650056, Кемеровская обл., г. Кемерово, ул. Марковцева, дом 5;8 (3842) 73-51-35;от 04.07.2019 №2838. Бессрочно;;;;;Нет;Есть;;Есть;575 — 700 ₽;575 — 700 ₽;;;;;8 (3842) 73-43-59;www.youtube.com/watch?v=gU3eGKxEQz8;https://vk.com/kemgshiofficial;https://www.instagram.com/kuzgsha/?hl=ru;https://www.youtube.com/channel/UCfdrLkqaSiwGhglHKfwMtqw;50.43;50.34;843
1000061;Центральный ФО;г. Москва;ИЗиСП;Институт законодательства и сравнительного правоведения при Правительстве Российской Федерации;Негосударственный вуз;Государственный;;117218, г Москва, ул Черёмушкинская Б., 34;;от 08.08.2013 №0813, бессрочная;;;;;;;;;;;;;;;4957197000;;;;;;;868
1000062;Южный ФО;Ростовская область;ИВТ им. Г. Я. Седова;"Институт водного транспорта имени Г.Я. Седова - Филиал ""Государственный Морской Университет имени адмирала Ф.Ф. Ушакова""";Негосударственный вуз;Государственный;www.iwtsedov.ru;344006, обл Ростовская, г Ростов-на-Дону, ул Седова, ДОМ 8;8 (863) 253-94-88;от 20.04.2015 №1393, бессрочная;;;;;Нет;Есть;;Есть;;;;;;;8 (863) 333-28-34;;https://vk.com/iwtsedovru;https://www.instagram.com/iwt_rnd/;https://youtu.be/asxamSRLfts;58.52;44.44;895
1000063;Сибирский ФО;Алтайский край;Алтайский филиал Финуниверситета;"Алтайский филиал ""Финансовый университет при Правительстве Российской Федерации""";Негосударственный вуз;Государственный;altai.fa.ru;656038, край Алтайский, г Барнаул, пр-кт Ленина, ДОМ 54;(3852) 56-92-86;от 09.06.2015 №1495, бессрочная;;;;;Нет;Есть;;Есть;961 — 1202 ₽;961 — 1202 ₽;;;;;(3852) 56-92-70;https://youtu.be/oBpuF_NUf5E;https://vk.com/fabarnaul;https://www.instagram.com/finuniverbarnaul/;https://www.youtube.com/channel/UC_KSwCpMUCfehhKzNDm5Y9Q;75.88;56.96;902
1000064;Уральский ФО;Челябинская область;Уральский филиал Финуниверситета;"Уральский филиал ""Финансовый университет при Правительстве Российской Федерации""";Негосударственный вуз;Государственный;"http://www.old.fa.ru/fil/chelyabinsk;  Http://www.fa.ru/fil/chelyabinsk";454084, обл Челябинская, г Челябинск, ул Работниц, 58;(351)791-84-54, +7-950-727-28-03;от 09.06.2015 №1495, бессрочная;;;;;Нет;Есть;;Есть;863.82 — 3647.41 ₽;863.82 — 3647.41 ₽;;;;;3517915423;https://youtu.be/_GSsVF_5vjk;https://vk.com/fa_che;https://www.instagram.com/finuniver74;;75.74;61.05;914
1000065;Центральный ФО;Калужская область;Калужский филиал Финуниверситета;"Калужский филиал ""Финансовый университет при Правительстве Российской Федерации""";Негосударственный вуз;Государственный;kaluga.fa.ru;248016, обл Калужская, г Калуга, ул Чижевского, 17;8(4842) 74-31-76;от 09.06.2015 №1495, бессрочная;;;;;Нет;Есть;;Есть;564.12 — 1094.09 ₽;564.12 — 1094.09 ₽;;;;;4842745443;;https://vk.com/finuniver_kf;https://www.instagram.com/kaluga_finuniversitet/;;72.74;54.17;917
1000066;Центральный ФО;Брянская область;Мичуринский филиал БГАУ;"Мичуринский филиал ""Брянский государственный аграрный университет""";Негосударственный вуз;Государственный;http://www.bgsha.com/ru/faculties/mich_branch/New_Site/Welcome.php;241524, обл Брянская, р-н Брянский, п Мичуринский, ул Березовая, 1;8 (4832) 91-11-30;от 02.04.2015 №1358, бессрочная;;;;;Нет;Есть;;Есть;;;;;;;8 (4832) 91-12-34;;https://vk.com/vk_bgau;;;3.9;3.77;953
1000067;Северо-Западный ФО;Псковская область;Великолукский филиал ПГУПС ;"Великолукский филиал ""Петербургский государственный университет путей сообщения Императора Александра I""";Негосударственный вуз;Государственный;vf-pgups.ru;182101, обл Псковская, г Великие Луки, пр-кт Гагарина, ДОМ 95;;от 21.07.2016 №2280, бессрочная;;;;;Нет;;;;;;;;;;8115396280;;;;;;;954
1000068;Уральский ФО;Челябинская область;Институт агроэкологии - филиал ЮУрГАУ;"Институт агроэкологии-филиал ""Южно-Уральский государственный аграрный университет""";Негосударственный вуз;Государственный;insagro.sursau.ru;456660, Челябинская область, Красноармейский район, село Миасское, ул. Советская, д. 8;+7 (35150) 20133;от 30.12.2015 №1852, бессрочная;;;;;Нет;Есть;;Есть;;;;;;;+7 (35150) 2-01-00;https://www.youtube.com/watch?v=_Xbt5pP4bx8;https://vk.com/insagro;;https://www.youtube.com/channel/UCiuTP7LejniOL0xOXOrBF2w;55.33;55;958
1000069;Северо-Западный ФО;Республика Карелия;Петрозаводский филиал ПГУПС;"Петрозаводский филиал ""Петербургский государственный университет путей сообщения Императора Александра I""";Негосударственный вуз;Государственный;pgups-karelia.ru;185680, Респ Карелия, г Петрозаводск, ул Анохина, ДОМ 16;;от 21.07.2016 №2280, бессрочная;;;;;Нет;;;;;;;;;;8142714223;;;;;;;962
1000070;Северо-Кавказский ФО;Кабардино-Балкарская Республика;Терский филиал КБГАУ;"Терский филиал ""Кабардино-Балкарский государственный аграрный университет имени В.М. Кокова""";Негосударственный вуз;Государственный;;361009, Респ Кабардино-Балкарская, р-н Прохладненский, с Учебное, ул Школьная, 1;(886631) 95-3-40;от 02.10.2015 №1676, бессрочная;;;;;Нет;Есть;;Есть;;;;;;;8663195919;;;;;;;971
1000071;Северо-Западный ФО;г. Санкт-Петербург;СПИИРАН;Санкт-Петербургский институт информатики и автоматизации Российской академии наук;Негосударственный вуз;Государственный;http://www.spiiras.nw.ru;199178, г Санкт-Петербург, линия 14-я В.О., 39;812 328-34-11, 328-68-36;от 17.04.2012 №2719, бессрочная;;;;;Нет;Есть;;Есть;;;;;;;812 328-34-11;https://www.youtube.com/watch?v=juTgivZc-x4;;;;;;978
1000072;Центральный ФО;г. Москва;НИИОПП;Научно-исследовательский институт общей патологии и патофизиологии;Негосударственный вуз;Государственный;niiopp.ru;125315, г Москва, ул Балтийская, ДОМ 8;;от 11.02.2015 №1275, бессрочная;;;;;Нет;Есть;;;;;;;;;4991511756;;;;;;;979
1000073;Центральный ФО;Московская область;ДРТИ - филиал АГТУ;"Дмитровский рыбохозяйственный технологический институт (филиал) ""Астраханский государственный технический университет""";Негосударственный вуз;Государственный;дрти.рф;141821, обл Московская, р-н Дмитровский, п Рыбное, 36;89099048448;от 14.10.2016 №2435, бессрочная;;;;;Нет;Есть;;Есть;;;;;;;"8-495-994-97-12; 8-495-994-97-54; 8-495-993-79-51";;https://vk.com/publicdrti;;;54.28;51;981
1000074;Северо-Западный ФО;Мурманская область;Филиал МАГУ в Апатиты;"Филиал ""Мурманский арктический государственный университет"" в Апатиты";Негосударственный вуз;Государственный;www.arcticsu.ru;184209, обл Мурманская, г Апатиты, ул Лесная, ДОМ 29;8(815-55) 6-62-20, 8-964-687-00-05;от 30.12.2015 №1854, бессрочная;;;;;Нет;Есть;;Есть;245 — 800 ₽;245 — 800 ₽;;;;;8152213890;;https://vk.com/maguapatity;;;;;984
1000075;Центральный ФО;г. Москва;ЦГМА;Центральная государственная медицинская академия;Негосударственный вуз;Государственный;http://cgma.su;121359, г Москва, ул Маршала Тимошенко, ДОМ 19, СТРОЕНИЕ  1А;4991410471;от 18.08.2015 №1600, бессрочная;;;;;Нет;Есть;;Нет;;;;;;;4991495827;https://www.youtube.com/watch?v=ZVHI2f9m7xE;;;https://www.youtube.com/channel/UC9kFdKtdia_K5DkLu6RVsog;96.8;85.5;985
1000076;Центральный ФО;Московская область;Ивантеевский филиал Московского Политеха;"Ивантеевский филиал ""Московский политехнический университет""";Негосударственный вуз;Государственный;http://ivanteevka.mospolytech.ru/;141280, обл Московская, г Ивантеевка, ул Ленина, ДОМ 44;(496) 536-04-94, (495) 993-33-14;от 22.09.2016 №2398. Бессрочно;;;;;Нет;Есть;;Есть;350 — 1100 ₽;350 — 1100 ₽;;;;;(496) 536-04-94, (495) 993-33-14;;https://vk.com/iv_mospolytech;www.instagram.com/ivant_mpu;;4.11;3.65;986
1000077;Центральный ФО;Московская область;Тучковский филиал Московского Политеха;"Тучковский филиал ""Московский политехнический университет""";Негосударственный вуз;Государственный;www.tatk.ru;143142, обл Московская, г Руза, рп Тучково, ул Студенческая, дом 1;8-496-273-77-10;от 22.09.2016 №2398. Бессрочно;;;;;Нет;Нет;;Есть;370 — 740 ₽;370 — 740 ₽;;;;;8-496-273-77-41;;https://vk.com/politehtuch;https://www.instagram.com/polytech_tuchkovo/;;;;989
1000078;Приволжский ФО;Нижегородская область;БФ ННГУ;"Балахнинский филиал ""Нижегородский государственный университет""";Негосударственный вуз;Государственный;http://www.unn.ru/cdo/Balakhna/sveden/common;606400, обл Нижегородская, р-н Балахнинский, г Балахна, ул Дзержинского, ДОМ 21;8 (831 44) 6-52-40, 6-71-70, 6-71-72, 6-51-63, 8 (831) 462-36-09;от 02.12.2016 №2490, бессрочная;;;;;Нет;Нет;;Есть;;;;;;;8 (83144) 671-70,  8 (83144) 671-73,  8 (83144) 671-72,  8 (83144) 651-63,  8 (83144) 651-78;;;;;;;992
1000079;Сибирский ФО;Красноярский край;Красноярский филиал СПбГУ ГА;"Красноярский филиал ""Санкт-петербургский государственный университет гражданской авиации""";Негосударственный вуз;Государственный;kfspbguga.ru;660135, край Красноярский, г Красноярск, ул Взлетная, ДОМ 15;;от 23.03.2016 №2021, бессрочная;;;;;Нет;;;;;;;;;;39122800383;;;;;;;996
1000080;Центральный ФО;г. Москва;Университет прокуратуры;Университет прокуратуры Российской Федерации;Негосударственный вуз;Государственный;agprf.org.ru;117638, г Москва, ул Азовская, 2, 1;;от 09.04.2018 №2731, бессрочная;;;;;Нет;;;;;;;;;;49925312814;;;;;;;1010
1000081;Северо-Западный ФО;г. Санкт-Петербург;Санкт-Петербургский юридический институт;"Санкт-Петербургский юридический институт (филиал) ""Университет прокуратуры Российской Федерации""";Негосударственный вуз;Государственный;prokuror.spb.ru;191104, г Санкт-Петербург, пр-кт Литейный, ДОМ 44;(812) 273-33-38;от 09.04.2018 №2731, бессрочная;;;;;Нет;Есть;;Есть;;;;;;;8122725140;;;;;;;1011
1000082;Сибирский ФО;Иркутская область;Иркутский юридический институт;"Иркутский юридический институт (филиал) ""Университет прокуратуры Российской Федерации""";Негосударственный вуз;Государственный;iagprf.org;664035, обл Иркутская, г Иркутск, ул Шевцова, ДОМ 1;;от 09.04.2018 №2731, бессрочная;;;;;Нет;;;;;;;;;;3952779011;;;;;;;1012
1000083;Южный ФО;Республика Крым;Крымский юридический институт;"Крымский юридический институт (филиал) ""Университет прокуратуры Российской Федерации""";Негосударственный вуз;Государственный;;295011, Респ Крым, г Симферополь, ул Гоголя, ДОМ 9;;от 09.04.2018 №2731, бессрочная;;;;;Нет;;;;;;;;;;3652272127;;;;;;;1013
1000084;Центральный ФО;Воронежская область;Филиал РГУПС в Воронеже;"Филиал ""Ростовский государственный университет путей сообщения"" в Воронеже";Негосударственный вуз;Государственный;vfrgups.ru;394026, обл Воронежская, г Воронеж, ул Урицкого, ДОМ 75А;+7(473) 265-32-85;от 26.04.2016 №2118, бессрочная;;;;;Нет;Нет;;Есть;437 — 1050 ₽;437 — 1050 ₽;;;;;4732652303;;https://vk.com/vfrgups;;;;;1014
1000085;Центральный ФО;Ярославская область;Ярославский филиал ПГУПС;"Филиал ""Петербургский государственный университет путей сообщения Императора Александра I"" в Ярославле";Негосударственный вуз;Государственный;yarmiit.ru;150030, обл Ярославская, г Ярославль, ш Суздальское, ДОМ 13;;от 21.07.2016 №2280, бессрочная;;;;;;;;;;;;;;;4852525249;;;;;;;1015
1000086;Приволжский ФО;Нижегородская область;Филиал СамГУПс в Нижнем Новгороде;"Филиал ""Самарский государственный университет путей сообщения"" в Нижнем Новгороде";Негосударственный вуз;Государственный;www.samgups.ru;603011, ОБЛ НИЖЕГОРОДСКАЯ, Г НИЖНИЙ НОВГОРОД, ПЛ КОМСОМОЛЬСКАЯ, ДОМ 3;"8 (831) 248-60-31; 8 (831) 248-60-30";от 18.08.2016 №2342. Бессрочно;;;;;Нет;Есть;;Есть;868 — 1231 ₽;868 — 1231 ₽;;;;;8312621109;;https://vk.com/samgupsnn.official;https://www.instagram.com/samgupsnn.oficial/?utm_source=ig_profile_share&igshid=1rm713jtd13dq;https://www.youtube.com/channel/UCZefdy0M8Ff9MiVmNqUabmQ;56;43;1016
1000087;Центральный ФО;Московская область;МГОТУ;Технологический университет;Негосударственный вуз;Государственный;http://unitech-mo.ru/;141074, обл Московская, г Королев, ул Гагарина, 42;+7 (495) 516-99-46;от 06.07.2015 №1538, бессрочная;;;;;Нет;Есть;;Есть;830 — 830 ₽;830 — 830 ₽;;;;;+7 (495) 516-99-29;https://youtu.be/OOdRfl3Usc8;https://vk.com/unitechmo;https://www.instagram.com/tehnologicheskiy_universitet/;https://www.youtube.com/channel/UC30_r6NLs0m-hn757ZJWD2w;64.8;53.8;1017
1000088;Центральный ФО;Ярославская область;Ярославское высшее военное училище противовоздушной обороны;Ярославское высшее военное училище противовоздушной обороны;Негосударственный вуз;Государственный;;150001, обл Ярославская, г Ярославль, пр-кт Московский, ДОМ 28;;от 17.05.2016 №2137, бессрочная;;;;;Нет;;;;;;;;;;8122371249;;;;;;;1030
1000089;Уральский ФО;Курганская область;Курганский пограничный институт;Курганский пограничный институт;Негосударственный вуз;Государственный;;640016, обл Курганская, г Курган;(3522) 49-81-65, 49-81-24;от 25.11.2015 №1782, бессрочная;;;;;Нет;;;;;;;;;;;;;;;;;1047
1000090;Северо-Западный ФО;Вологодская область;ВИПЭ ФСИН России;Вологодский институт права и экономики;Негосударственный вуз;Государственный;vipe.fsin.su;160002, обл Вологодская, г Вологда, ул Щетинина, 2;(8172) 519072;от 26.04.2016 №2112, бессрочная;;;;;Нет;Есть;;Есть;;;;;;;88172530103;;https://vk.com/vipe.vologda;;;57;57;1049
1000091;Северо-Кавказский ФО;Республика Дагестан;Институт финансов и права;Институт финансов и права;Негосударственный вуз;Негосударственный;;367009, Респ Дагестан, г Махачкала, ул Магомедтагирова, 39, А;;от 01.06.2015 №1456, бессрочная;;;;;Нет;;;;;;;;;;;;;;;;71.84;1050
1000092;Центральный ФО;г. Москва;АУП;Академия управления и производства;Негосударственный вуз;Негосударственный;http://amp1996.ru/;105082, г Москва, ул Почтовая Б., 26В, СТР. 1;+7(495)120-14-23;от 06.10.2017 №2657. Бессрочно;;;;;Нет;Есть;;Нет;;;;;;;+7(495)120-14-23;;https://vk.com/amp1996;https://www.instagram.com/amp1996.ru/;;0;51.65;1055
1000093;Дальневосточный ФО;Хабаровский край;ХПИ ФСБ России;Хабаровский пограничный институт;Негосударственный вуз;Государственный;;680017, край Хабаровский, г Хабаровск, ул Большая, 85;;от 09.12.2015 №1806, бессрочная;;;;;Нет;;;;;;;;;;;;;;;;;1058
1000094;Центральный ФО;г. Москва;Академия управления;Академия управления;Негосударственный вуз;Государственный;a.mvd.ru;125171, г Москва, ул Зои и Александра Космодемьянских, ДОМ 8;;от 18.11.2015 №1774, бессрочная;;;;;Нет;;;;;;;;;;4991501034;;;;;;;1068
1000095;Южный ФО;Краснодарский край;КВВУ;Краснодарское высшее военное училище имени Генерала Армии С.М. Штеменко;Негосударственный вуз;Государственный;;350063, край Краснодарский, г Краснодар, ул им Красина, ДОМ 4;;от 18.04.2016 №2093, бессрочная;;;;;Нет;;;;;;;;;;8612683780;;;;;;;1071
1000096;Приволжский ФО;Оренбургская область;Оренбургская духовная семинария;Оренбургская духовная семинария;Негосударственный вуз;Негосударственный;http://orends.ru;460014, обл Оренбургская, г Оренбург, ул Челюскинцев, 17;(3532) 43-13-24;от 04.08.2015 №1576, бессрочная;;;;;Нет;Есть;;Есть;;;;;;;(3532) 43-13-24;;;;;;58;1080
1000097;Приволжский ФО;Самарская область;СЮИ ФСИН России;Самарский юридический институт;Негосударственный вуз;Государственный;www.sui.fsin.su;"443022, обл Самарская, г Самара, ул Рыльская, 24, ""В""";8 (846) 205-67-11 (многоканальный).;от 13.04.2016 №2074, бессрочная;;;;;Нет;Есть;;Нет;;;;;;;" дежурная часть - 8 (846) 205-67-36; секретариат - 8 (846) 255-61-91";https://www.youtube.com/channel/UCH4H9iF3kuQZBAZu40hAwSg?view_as=subscriber;http://vk.com/sui_fsin_rf;;https://www.youtube.com/channel/UCH4H9iF3kuQZBAZu40hAwSg?view_as=subscriber;54;53;1084
1000098;Южный ФО;Краснодарский край;АГСИ;Армавирский гуманитарно-социальный институт;Негосударственный вуз;Негосударственный;www.agsi.ru;352905, край Краснодарский, г Армавир, ул Урицкого, ДОМ 117;(86137) 7-43-38;от 30.12.2015 №1871, бессрочная;;;;;Нет;Есть;;Нет;;;;;;;(86137)7-43-38;;https://vk.com/apsi_vk;;;;52;1089
1000099;Приволжский ФО;Нижегородская область;Институт ФСБ ( Нижний Новгород);Институт федеральной службы безопасности Российской Федерации (Нижний Новгород);Негосударственный вуз;Государственный;;603163, обл Нижегородская, г Нижний Новгород, ш Казанское, 2;;от 28.04.2016 №2121, бессрочная;;;;;Нет;;;;;;;;;;;;;;;;;1098
1000100;Дальневосточный ФО;Республика Саха (Якутия);Высшая Школа Музыки РС(Я);Высшая школа музыки республики Саха (Якутия) (институт) имени В.А. Босикова;Негосударственный вуз;Государственный;vschoolmus.ru;677007, Респ Саха /Якутия/, г Якутск, ш Покровское 16 км, ДОМ 2;8(4112)316001;от 07.10.2016 №2428, бессрочная;;;;;Нет;Есть;;Есть;;;;;;;4112316002;;;;;69.25;69.47;1103
1000101;Приволжский ФО;Республика Башкортостан;КИЭП;Кумертауский институт экономики и права;Негосударственный вуз;Негосударственный;kiep.ucoz.ru;"453300, Респ Башкортостан, г Кумертау, ул Карла Маркса, ДОМ 28""А""";8-(34761) 4-11-41;от 14.02.2017 №2535, бессрочная;;;;;Нет;Есть;;Есть;;;;;;;8-(34761) 4-03-52, 4-11-41, 4-17-58;;;;;;57.3;1109
1000102;Центральный ФО;Московская область;ГГТУ;Государственный гуманитарно-технологический университет;Негосударственный вуз;Государственный;ggtu.ru;142611, обл Московская, г Орехово-Зуево, ул Зеленая, 22, -;8(496) 425-78-88, 8(499) 955-25-20 (доб. 158);от 16.12.2015 №1825. Бессрочно;;;;;Нет;Есть;;Есть;800 — 800 ₽;800 — 800 ₽;;;;;4964257875;;ggtu_1940;university_orekhovo_zuevo;;70.44;59.34;1114
1000103;Центральный ФО;Рязанская область;РВВДКУ;Рязанское гвардейское высшее воздушно-десантное командное училище им. генерала армии В. Ф. Маргелова;Негосударственный вуз;Государственный;;390000, обл Рязанская, г Рязань, пл им. генерала армии В.Ф.Маргелова, ДОМ 1;(4912) 93-01-63;от 21.08.2018 №2772, бессрочная;;;;;Нет;;;;;;;;;;4912209487;;;;;;;1117
1000104;Центральный ФО;Костромская область;Военная академия РХБЗ;Военная академия радиационной, химической и биологической защиты имени Маршала Советского Союза С.К. Тимошенко (Кострома);Негосударственный вуз;Государственный;;156013, обл Костромская, г Кострома, ул Горького, 16;8 (4942) 39-97-39;от 14.03.2016 №1993, бессрочная;;;;;Нет;;;;;;;;;;4942372104;;;;;;;1124
1000105;Северо-Западный ФО;Калининградская область;КПИ ФСБ России;Калининградский пограничный институт;Негосударственный вуз;Государственный;;236000, обл Калининградская, г Калининград, ул Подполковника Емельянова, 244;(4012)-579751;от 19.02.2016 №1945, бессрочная;;;;;Нет;;;;;;;;;;;;;;;;;1126
1000106;Северо-Западный ФО;г. Санкт-Петербург;Военно-морская академия;Военно-морская академия имени Адмирала Флота Советского Союза Н.Г. Кузнецова;Негосударственный вуз;Государственный;;197045, г Санкт-Петербург, наб Ушаковская, 17/1;;от 13.05.2016 №2132, бессрочная;;;;;Нет;;;;;;;;;;8 (812) 496-16-18;;;;;;;1137
1000107;Центральный ФО;Смоленская область;Военная академия войсковой противовоздушной обороны вооруженных сил российской федерации имени Маршала Советского Союза А.М.Василевского;Военная академия войсковой противовоздушной обороны вооруженных сил РФ имени Маршала Советского Союза А.М.Василевского;Негосударственный вуз;Государственный;;214027, обл Смоленская, г Смоленск, ул Котовского, 2;;от 29.03.2016 №2039, бессрочная;;;;;Нет;;;;;;;;;;4812273083;;;;;;;1138
1000108;Южный ФО;г. Севастополь;ЧВВМУ;Черноморское высшее военно-морское училище имени П.С. Нахимова (Севастополь);Негосударственный вуз;Государственный;chvvmu.mil.ru;299028, г Севастополь, ул Павла Дыбенко, ДОМ 1, КОРПУС А;+ 7(8692) 53-41-09;от 02.02.2015 №1261, бессрочная;;;;;Нет;;;Есть;;;;;;;0692231461;;;;;;;1145
1000109;Центральный ФО;г. Москва;Пограничная академия;Пограничная академия;Негосударственный вуз;Государственный;;125040, г Москва, пр-кт Ленинградский, 3/5;;от 28.03.2016 №2028, бессрочная;;;;;Нет;;;;;;;;;;;;;;;;;1149
1000110;Центральный ФО;Орловская область;ОрЮИ МВД России;Орловский юридический институт;Негосударственный вуз;Государственный;орюи.мвд.рф;302027, обл Орловская, г Орёл, ул Игнатова, 2;(4862) 41-44-54;от 06.08.2015 №1585, бессрочная;;;;;Нет;Есть;;Есть;;;;;;;84862414427;;;;;;;1155
1000111;Уральский ФО;Свердловская область;Институт ФСБ ( Екатеринбург);Институт федеральной службы безопасности Российской Федерации (Екатеринбург);Негосударственный вуз;Государственный;;620082, обл Свердловская, г Екатеринбург, км Сибирский тракт 11;;от 04.07.2016 №2249, бессрочная;;;;;Нет;;;;;;;;;;;;;;;;;1166
1000112;Приволжский ФО;Республика Татарстан;КЮИ МВД России;Казанский юридический институт;Негосударственный вуз;Государственный;;420108, Респ Татарстан, г Казань, ул Магистральная, ДОМ 35;;от 14.09.2015 №1650, бессрочная;;;;;Нет;;;;;;;;;;88432778077;;;;;;;1169
1000113;Уральский ФО;Челябинская область;МАГК имени М.И. Глинки;Магнитогорская государственная консерватория (академия) имени М.И. Глинки;Негосударственный вуз;Государственный;magkmusic.com;455036, обл Челябинская, г Магнитогорск, ул Грязнова, 22;(3519) 42-30-09, (3519) 21-72-72;от 13.04.2016 №2072, бессрочная;;;;;Нет;Есть;;Есть;400 — 3000 ₽;400 — 3000 ₽;;;;;3519423001;;https://vk.com/magk_glinka;https://www.instagram.com/74magk/;;65.3;66.32;1171
1000114;Центральный ФО;г. Москва;ВИАМ;Всероссийский научно-исследовательский институт авиационных материалов;Негосударственный вуз;Государственный;viam.ru;105005, г Москва, ул Радио, 17;+7(499)263-86-62, +7(499)263-87-34;от 10.07.2013 №0782, бессрочная;;;;;Нет;Есть;;Нет;;;;;;;4992618677;;;;;;;1173
1000115;Центральный ФО;Московская область;ГПИ ФСБ России;Голицынский пограничный институт ФСБ России;Негосударственный вуз;Государственный;;143040, обл Московская, р-н Одинцовский, г Голицыно, ш Можайское, ДОМ 75;;от 17.08.2015 №1598, бессрочная;;;;;Нет;;;;;;;;;;;;;;;;;1188
1000116;Северо-Западный ФО;г. Санкт-Петербург;ВИФК;Военный институт физической культуры;Негосударственный вуз;Государственный;www.vifk.mil.ru;194044, г Санкт-Петербург, пр-кт Большой Сампсониевский, ДОМ 63;8 (812) 292-31-81;от 22.07.2016 №2289, бессрочная;;;;;Нет;;;Есть;;;;;;;8122923115;;;;;;;1193
1000117;Центральный ФО;Рязанская область;Академия права и управления;Академия права и управления;Негосударственный вуз;Государственный;апу.фсин.рф;390000, обл Рязанская, г Рязань, ул Сенная, ДОМ 1;4912938254;от 21.04.2016 №2101, бессрочная;;;;;Нет;Есть;;Есть;;;;;;;4912272112;;https://vk.com/club143413647;;;;;1197
1000118;Сибирский ФО;Новосибирская область;НВВКУ;Новосибирское высшее военное командное училище (Новосибирск);Негосударственный вуз;Государственный;;630117, обл Новосибирская, г Новосибирск, ул Иванова, ДОМ 49;;от 12.09.2016 №2378, бессрочная;;;;;Нет;;;;;;;;;;3833320252;;;;;;;1203
1000119;Центральный ФО;г. Москва;Европейский институт ЮСТО;Европейский институт ЮСТО (справедливость);Негосударственный вуз;Негосударственный;;125130, г Москва, пер Новоподмосковный 6-й, 6;;от 13.06.2018 №2751, бессрочная;;;;;Нет;;;;;;;;;;;;;;;;;1204
1000120;Южный ФО;Волгоградская область;ВГИИК;Волгоградский государственный институт искусств и культуры;Негосударственный вуз;Государственный;ВГИИК.РФ;400001, обл Волгоградская, г Волгоград, ул им Циолковского, 4;8(917)8390329;от 28.06.2016 №2230, бессрочная;;;;;Нет;Есть;;Есть;;;;;;;8442971537;https://youtu.be/wwIUmECI4Io;https://vk.com/vgiik34;;https://www.youtube.com/channel/UCdWTqpzgD6uHbBeFbij5IlQ/videos;65.97;57.4;1211
1000121;Приволжский ФО;Самарская область;ППИ имени Святителя Алексия;Поволжский православный институт имени Святителя Алексия, митрополита Московского;Негосударственный вуз;Негосударственный;http://pravinst.ru;445028, обл Самарская, г Тольятти, ул Революционная, ДОМ 74;(8482) 62-41-20;от 14.07.2014 №1054, бессрочная;;;;;Нет;Есть;;Нет;;;;;;;(8482) 35-10-13;https://www.youtube.com/watch?v=08nhNBgfUPQ;vk.com/pravinst;https://www.instagram.com/pravinst163/?hl=ru инста;;64.3;75.08;1225
1000122;Центральный ФО;г. Москва;Институт деловой карьеры;Институт деловой карьеры;Негосударственный вуз;Негосударственный;;111024, г Москва, ул Авиамоторная, ДОМ 50, СТРОЕНИЕ 2;;от 21.06.2018 №2752, бессрочная;;;;;Нет;;;;;;;;;;;;;;;;55.48;1229
1000123;Уральский ФО;Тюменская область;ТВВИКУ;Тюменское высшее военно-инженерное командное училище имени Маршала Инженерных Войск А.И.Прошлякова;Негосударственный вуз;Государственный;;625001, обл Тюменская, г Тюмень, ул Льва Толстого, 1;;от 19.01.2016 №1882, бессрочная;;;;;Нет;;;;;;;;;;3452420541;;;;;;;1230
1000124;Центральный ФО;Белгородская область;Бел ЮИ МВД России;Белгородский юридический институт Министерствавнутренних дел Российской Федерации имени И.Д. Путилина;Негосударственный вуз;Государственный;https://белюи.мвд.рф;308024, обл Белгородская, г Белгород, ул Горького, 71;(4722) 52-32-64;от 04.08.2015 №1579, бессрочная;;;;;Нет;Есть;;Есть;;;;;;;84722557113;;;;;;;1261
1000125;Центральный ФО;г. Москва;Институт мировой экономики и информатизации;Институт мировой экономики и информатизации;Негосударственный вуз;Негосударственный;;109390, г Москва, ул Артюхиной, ДОМ 6, КОРПУС 1;;от 23.05.2017 №038424, бессрочная;;;;;Нет;;;;;;;;;;;;;;;;;1273
1000126;Южный ФО;Краснодарский край;КВВАУЛ;Краснодарское высшее военное авиационное училище летчиков имени Героя Советского Союза А.К.Серова;Негосударственный вуз;Государственный;;350090, край Краснодарский, г Краснодар, ул им Дзержинского, ДОМ 135;;от 04.04.2016 №2059, бессрочная;;;;;Нет;;;;;;;;;;8612240054;;;;;;;1274
1000127;Северо-Западный ФО;Вологодская область;ЧВВИУРЭ;Череповецкое высшее военное инженерное училище радиоэлектроники;Негосударственный вуз;Государственный;;162622, обл Вологодская, г Череповец, пр-кт Советский, 126;;от 17.07.2015 №1560, бессрочная;;;;;Нет;;;;;;;;;;;;;;;;;1292
1000128;Северо-Западный ФО;г. Санкт-Петербург;Институт ФСБ ( Санкт-Петербург);Институт федеральной службы безопасности Российской Федерации (Санкт-Петербург);Негосударственный вуз;Государственный;;195248, г Санкт-Петербург, пр-кт Энергетиков, 27;;от 08.02.2016 №1922, бессрочная;;;;;Нет;;;;;;;;;;;;;;;;;1296
1000129;Центральный ФО;г. Москва;Общевойсковая академия ВС РФ;"Военный учебно-научный центр сухопутных войск ""Общевойсковая академия вооруженных сил Российской Федерации""";Негосударственный вуз;Государственный;;119992, г Москва, проезд Девичьего Поля, ДОМ 4;;от 19.10.2017 №2663, бессрочная;;;;;Нет;;;;;;;;;;4997665759;;;;;;;1297
1000130;Уральский ФО;Ханты-Мансийский автономный округ;СурГУ;Сургутский государственный университет;Негосударственный вуз;Государственный;www.surgu.ru;628412, АО Ханты-Мансийский Автономный округ - Югра, г Сургут, пр-кт Ленина, 1;(3462) 762-914;от 20.03.2019 №2812, бессрочная;;;;;Нет;Есть;;Есть;1000 — 1935 ₽;1000 — 1935 ₽;;;;;34667217373;https://www.youtube.com/watch?v=F4QlUmzO6Ws;https://vk.com/surgu;https://www.instagram.com/surgu/;https://www.youtube.com/user/SurgutUniversity;64.93;54.46;1303
1000132;Центральный ФО;г. Москва;Академия Генерального штаба;Военная академия генерального штаба вооруженных сил Российской Федерации;Негосударственный вуз;Государственный;;119571, г Москва, пр-кт Вернадского, ДОМ 100;;от 01.07.2015 №1533, бессрочная;;;;;Нет;;;;;;;;;;4997399153;;;;;;;1313
1000133;Северо-Кавказский ФО;Ставропольский край;ЕИУБП;Ессентукский институт управления, бизнеса и права;Негосударственный вуз;Негосударственный;;357600, край Ставропольский, г Ессентуки, ул Ермолова, 2;8(87934)6-62-29;от 06.07.2015 №1541, бессрочная;;;;;Нет;Есть;;Нет;;;;;;;;;;;;;56.68;1314
1000134;Уральский ФО;Челябинская область;МИДиС;Международный Институт Дизайна и Сервиса;Негосударственный вуз;Негосударственный;https://midis.info;454014, обл Челябинская, г Челябинск, ул Ворошилова, 12;8(351)216-10-10;от 15.05.2018 №2740, бессрочная;;;;;Нет;Есть;;Нет;;;;;;;8(351)216-10-30;https://www.youtube.com/watch?v=LYZfJxil4mY&t=9s;https://vk.com/my_midis;http://www.instagram.com/midis_74;https://www.youtube.com/channel/UCue9uJhzkuO6qbvDuLOjfxA;;59.42;1322
1000135;Северо-Западный ФО;г. Санкт-Петербург;БАТиП;Балтийская академия туризма и предпринимательства;Негосударственный вуз;Негосударственный;;197110, г Санкт-Петербург, ул Петрозаводская, 13, ЛИТЕР А;;от 28.03.2016 №2035, бессрочная;;;;;Нет;;;;;;;;;;;;;;;;58.81;1334
1000136;Центральный ФО;Владимирская область;ВЮИ ФСИН России;Владимирский юридический институт;Негосударственный вуз;Государственный;www.vui.fsin.su;600020, обл Владимирская, г Владимир, ул Большая Нижегородская, 67Е;(4922) 40-45-47, (4922) 45-44-18;от 25.03.2016 №2026, бессрочная;;;;;Нет;Есть;;Есть;;;;;;;4922474520;;;;;59;57;1335
1000137;Северо-Кавказский ФО;Ставропольский край;ИнЭУ в Пятигорске;Институт экономики и управления (Пятигорск);Негосударственный вуз;Негосударственный;;357500, край Ставропольский, г Пятигорск, ул Московская, 51;;от 30.12.2015 №1855, бессрочная;;;;;Нет;;;;;;;;;;;;;;;;;1341
1000138;Приволжский ФО;Пермский край;ПВИ ВНГ РФ;Пермский военный институт войск национальной гвардии Российской Федерации;Негосударственный вуз;Государственный;ПВИВВ.РФ;614112, край Пермский, г Пермь, ул Гремячий лог, ДОМ 1;;от 30.11.2016 №2487, бессрочная;;;;;Нет;;;;;;;;;;34227039023;;;;;;;1344
1000139;Центральный ФО;Орловская область;Академия ФСО России;Академия федеральной службы охраны Российской Федерации;Негосударственный вуз;Государственный;fso.gov.ru;302015, обл Орловская, г Орёл, ул Приборостроительная, ДОМ 35;;от 24.02.2016 №1959, бессрочная;;;;;Нет;;;;;;;;;;4862549586;;;;;;;1345
1000140;Центральный ФО;г. Москва;ОЦАД;Общецерковная аспирантура и докторантура им. святых равноапостольных Кирилла и Мефодия;Негосударственный вуз;Негосударственный;www.doctorantura.ru;115035, г Москва, ул Пятницкая, дом 4/2, строение 1;+7 (495) 721-80-32;от 08.02.2017 №2533, бессрочная;;;;;Нет;Есть;;Нет;;;;;;;+7 (495) 721-80-23;;;;;;;1346
1000141;Северо-Западный ФО;Калининградская область;КИУ;Калининградский институт управления;Негосударственный вуз;Негосударственный;https://kvshu39.ru;236016, обл Калининградская, г Калининград, ул Литовский Вал, 38, ЛИТЕР А1;8-4012-46-94-23, 8-4012-55-73-82;от 10.11.2015 №1748, бессрочная;;;;;Нет;Есть;;Нет;;;;;;;(4012) 55-73-81;;;;https://www.youtube.com/channel/UCBjy7jqWd6ICQNXKA5vFL9Q;;51.87;1347
1000142;Центральный ФО;г. Москва;МПИ;Московский пограничный институт;Негосударственный вуз;Государственный;;129345, г Москва, ул Осташковская, ДОМ 15;;от 30.12.2015 №1872, бессрочная;;;;;Нет;;;;;;;;;;;;;;;;;1348
1000143;Центральный ФО;Московская область;ВА РВСН;Военная академия ракетных войск стратегического назначения имени Петра Великого;Негосударственный вуз;Государственный;varvsn.mil.ru;143900, обл Московская, г Балашиха, ул Карбышева, ДОМ 8;8(495)524-07-39, 8(495)524-02-70, доб. 23-21;от 18.11.2015 №1768, бессрочная;;;;;Есть;Нет;;Есть;;;;;;;8(495)524-07-39, доб. 23-21;;https://vk.com/funrvsn;;;60.7;;1357
1000144;Центральный ФО;Воронежская область;ВЭПИ;Воронежский экономико-правовой институт;Негосударственный вуз;Негосударственный;www.vepi.ru;394033, обл Воронежская, г Воронеж, Ленинский пр-т, 119 A;(473)202-00-20;от 31.01.2019 №2802, бессрочная;;;;;Нет;Есть;;Нет;;;;;;;;https://youtu.be/OHCi_UHbzqk;https://vk.com/clubvepi;https://www.instagram.com/vepi36/;https://www.youtube.com/channel/UCycFsxN8enevfI9oDX-zBjA;;62.58;1360
1000145;Центральный ФО;Воронежская область;ВВА;Военно-воздушная академия имени профессора Н.Е. Жуковского и Ю.А. Гагарина;Негосударственный вуз;Государственный;vaiu.ru;394064, обл Воронежская, г Воронеж, ул Старых Большевиков, 54А;;от 12.11.2015 №1765, бессрочная;;;;;Нет;;;;;;;;;;4732447613;;;;;;;1368
1000146;Северо-Западный ФО;г. Санкт-Петербург;ВАМТО;Военная академия материально-технического обеспечения имени генерала армии А.В. Хрулева;Негосударственный вуз;Государственный;http://vamto.mil.ru/;199034, г Санкт-Петербург, наб Макарова, 8;(812) 328-93-33, (812) 328-88-72;от 16.12.2015 №1824, бессрочная;;;;;Есть;Есть;;Есть;;;;;;;(812) 328-54-92;https://www.youtube.com/watch?v=7ljxK105JdU&t=1s;https://vk.com/club51892024;https://www.instagram.com/vamto_official/;https://www.youtube.com/channel/UCEk89aILBO51eaVjGEXNpog;170;0;1370
1000147;Приволжский ФО;Саратовская область;СВИ ВНГ РФ;Саратовский военный ордена Жукова Краснознаменный институт войск национальной гвардии Российской Федерации;Негосударственный вуз;Государственный;svivv.ru;410023, обл Саратовская, г Саратов, ул Московская, 158;;от 27.09.2017 №2647, бессрочная;;;;;Нет;;;;;;;;;;8452504509;;;;;;;1371
1000148;Уральский ФО;Свердловская область;УрУ-УИЭУиП;Уральский университет-Уральский институт экономики, управления и права;Негосударственный вуз;Негосударственный;;;;от 19.03.2018 №2726, бессрочная;;;;;;;;;;;;;;;;;;;;;;1383
1000149;Уральский ФО;Свердловская область;Нижнетагильский филиал МЮИ;"Нижнетагильский филиал образовательного ОЧУ ВО ""Международный юридический институт""";Негосударственный вуз;Негосударственный;http://lawacademy.ru/ntagil/;622049, обл Свердловская, г Нижний Тагил, ш Черноисточинское, ДОМ 70;8-3435-230-100;от 06.04.2015 №1369, бессрочная;;;;;Нет;Есть;;Нет;;;;;;;+7(3435) 230-100;;;;;;49.8;1418
1000150;Южный ФО;г. Севастополь;ИЭП - филиал АТиСО в Севастополе;"Институт экономики и права (филиал) образовательного учреждения профсоюзов высшего образования ""Академия труда и социальных отношений"" в Севастополе";Негосударственный вуз;Негосударственный;;299011, г Севастополь, ул Балаклавская, ДОМ 11;;от 14.01.2016 №1885, бессрочная;;;;;Нет;;;;;;;;;;;;;;;;60.19;1435
1000151;Приволжский ФО;Республика Башкортостан;Филиал СамГТУ в Белебее;"Филиал ""СамГТУ"" в Белебее Республики Башкортостан";Негосударственный вуз;Государственный;http://bf.samgtu.ru;443100, г. Самара, ул. Молодогвардейская, 244,  Главный корпус;+7 (34786) 5-07-15;от 01.11.2016 №2447, бессрочная;;;;;Нет;Есть;;Нет;;;;;;;+7 (34786) 5-15-52;;https://vk.com/bf_samgtu;https://www.instagram.com/bfsamgtu;;;;1449
1000152;Дальневосточный ФО;Приморский край;ДВПСА;Дальневосточная пожарно-спасательная академия - филиал Санкт-Петербургского университета государственной противопожарной службы;Негосударственный вуз;Государственный;https://dv.igps.ru;690922, край Приморский, г Владивосток, остров Русский, п Аякс, ДОМ 27;+7(423)246-94-26;от 25.11.2015 №1784, бессрочная;;;;;Нет;Есть;;Есть;;;;;;;+7(423)246-94-26;;;;;57;57;1475
1000153;Южный ФО;Республика Крым;КФ КрУ МВД России;"Крымский филиал ""Краснодарский университет Министерства внутренних дел Российской Федерации"" (Симферополь)";Негосударственный вуз;Государственный;https://кф.крду.мвд.рф;295053, Респ Крым, г Симферополь, ул Академика Х.Х.Стевена, ДОМ 14;8(3652)667120;от 20.08.2015 №1609. Бессрочно;;;;;Нет;Есть;;Есть;;;;;;;83652667120;;https://vk.com/kf_mvd;http://instagram.com/kfkru_mvd;;62.2;;1476
1000154;Центральный ФО;Липецкая область;ЛИК (филиал) БУКЭП;"Липецкий институт кооперации (филиал) АНО ВО ""Белгородский университет кооперации, экономики и права""";Негосударственный вуз;Негосударственный;http://lki-lipetsk.ru/;398002, обл Липецкая, г Липецк, ул Зегеля, 25 А;8(4742)27-46-85, 8(4742)72-42-81, 8(4742)72-40-84;от 24.08.2015 №1617, бессрочная;;;;;Нет;Есть;;Нет;;;;;;;8(4742)72-42-81, 8(4742)72-40-84;https://www.youtube.com/embed/sYAAdoTYtIU;;;;;49.55;1485
1000155;Приволжский ФО;Самарская область;Филиал ВВА в Сызрани;"Филиал ""Военный учебно-научный центр военно-воздушных сил ""Военно-воздушная академия имени профессора Н.Е. Жуковского и Ю.А. Гагарина"" в Сызрани";Негосударственный вуз;Государственный;www.svvaul.ru;446007, обл Самарская, г Сызрань, ул Маршала Жукова, ДОМ 1;(8464) 37-38-10 добавочный 3-28;от 12.11.2015 №1765, бессрочная;;;;;Нет;Есть;;Есть;;;;;;;8464373810;;;;;53.33;0;1487
1000156;Уральский ФО;Челябинская область;Филиал ВВА в Челябинске;"Филиал ""Военный учебно-научный центр военно-воздушных сил ""Военно-воздушная академия имени профессора Н.Е. Жуковского и Ю.А. Гагарина"" в Челябинске";Негосударственный вуз;Государственный;;454015, обл Челябинская, г Челябинск, городок 11-й, ДОМ 1;(351)724-03-00;от 12.11.2015 №1765, бессрочная;;;;;Нет;Есть;;;;;;;;;3517240300;;;;;;;1488
1000157;Центральный ФО;Московская область;Филиал Военная академия РВСН в Серпухове;"Филиал ""Военная академия ракетных войск стратегического назначения имени Петра Великого"" Министерства обороны Российской Федерации в Серпухове";Негосударственный вуз;Государственный;;142202, обл Московская, г Серпухов, ул Бригадная, 17;;от 18.11.2015 №1768, бессрочная;;;;;Нет;;;;;;;;;;4967721911;;;;;;;1528
1000158;Центральный ФО;Рязанская область;Рязанский филиал МУ МВД России;"Рязанский филиал ""Московский университет Министерства внутренних дел Российской Федерации имени В.Я. Кикотя""";Негосударственный вуз;Государственный;рф.мосу.мвд.рф;390043, обл Рязанская, г Рязань, ул 1-я Красная, ДОМ 18;8-4912-77-87-49;от 07.09.2015 №1633, бессрочная;;;;;Нет;Есть;;Есть;;;;;;;8-4912-38-28-45;;;;;;;1535
1000159;Северо-Западный ФО;Калининградская область;Калининградский филиал СПбУ МВД РФ ;"Калининградский филиал ""Санкт-Петербургский университет Министерства внутренних дел Российской Федерации""";Негосударственный вуз;Государственный;https://klif.univer.mvd.ru;236006, обл Калининградская, г Калининград, ул Генерала Галицкого, 30;84012460981;от 29.10.2015 №1734, бессрочная;;;;;Нет;Есть;;Есть;;;;;;;4012461882;;;;;84;;1545
1000160;Северо-Западный ФО;Калининградская область;Филиал Военной-морской академии в Калининграде;"Филиал""Военный учебно-научный центр военно-морского флота ""Военно-морская академия имени Адмирала Флота Советского Союза Н. Кузнецова"" в Калининграде";Негосударственный вуз;Государственный;;236036, обл Калининградская, г Калининград, пр-кт Советский, 82;;от 13.05.2016 №2132, бессрочная;;;;;Нет;;;;;;;;;;4012935541;;;;;;;1546
1000161;Южный ФО;Республика Крым;Керченский филиал КИПУ;"Керченский филиал ГБОУ ВО республики Крым ""Крымский инженерно-педагогический университет""";Негосударственный вуз;Государственный;;298306, Респ Крым, г Керчь, ул Пятилетки 1-й, ДОМ 58/5;(3652)24-94-44;от 27.05.2015 №1450, бессрочная;;;;;Нет;;;;;;;;;;;;;;;;;1557
1000162;Северо-Кавказский ФО;Чеченская республика;Гудермесский филиал ИФиП;"Гудермесский филиал учреждения ВО ""Институт финансов и права""";Негосударственный вуз;Негосударственный;;366200, Респ Чеченская, р-н Гудермесский, г Гудермес, ул Пушкина, ДОМ 10;;от 01.06.2015 №1456, бессрочная;;;;;Нет;;;;;;;;;;;;;;;;77.97;1567
1000163;Приволжский ФО;Саратовская область;ВВИМО;"Филиал ""Военная академия материально-технического обеспечения имени Генерала Армии А.В. Хрулева"" Министерства обороны Российской Федерации в Вольске";Негосударственный вуз;Государственный;http://volsk.vamto.mil.ru/;412903, обл Саратовская, г Вольск, ул М.Горького, ДОМ 3;(845) 93-7-02-02;от 16.12.2015 №1824, бессрочная;;;;;Есть;Есть;;Есть;;;;;;;8459371113;;;;;50;;1568
1000164;Сибирский ФО;Омская область;ОАБИИ;"Филиал ""Военная академия материально-технического обеспечения имени Генерала Армии А.В. Хрулева"" Министерства обороны Российской Федерации в Омске.";Негосударственный вуз;Государственный;http://vamto.mil.ru/;644098, обл Омская, г Омск, городок Военный 14-й;(3812) 44-98-57;от 16.12.2015 №1824, бессрочная;;;;;Есть;Есть;;Есть;;;;;;;3812449796;;;;;50;0;1569
1000165;Центральный ФО;г. Москва;ИЦЧП им.Алексеева;Исследовательский центр частного права имени С.С. Алексеева при Президенте Российской Федерации;Негосударственный вуз;Государственный;privlaw.ru;103132, г Москва, ул Ильинка, ДОМ 8, СТРОЕНИЕ 2;;от 20.08.2015 №1603, бессрочная;;;;;;;;;;;;;;;49560636394;;;;;;;4296
1000166;Сибирский ФО;Новосибирская область;СибУПК;Сибирский университет потребительской кооперации (СибУПК);Негосударственный вуз;Негосударственный;www.sibupk.su;630087 г. Новосибирск, пр. К.Маркса, 26;8(383) 346-58-52;от 03.12.2018 №2790, бессрочная;;;;;Нет;Есть;;Есть;2300 — 3800 ₽;2300 — 3800 ₽;;;;;+7(383)314-00-39;;https://vk.com/sibupk;https://www.instagram.com/sibupk1956/;https://www.youtube.com/channel/UCUoYqqOH5Rpa126uF9dkQlA;0;50.58;4302
1000167;Приволжский ФО;Самарская область;Самарский филиал РАНХиГС;"Самарский филиал ""Российская академия народного хозяйства и государственной службы при Президенте Российской Федерации""";Негосударственный вуз;Негосударственный;sam.ranepa.ru;443056, г. Самара, просп. Масленникова, д. 37;;90П01 №0042709;;;;;Нет;Нет;;Нет;;;;;;;+7(846)205-97-05;;;;;;;4320
1000168;Приволжский ФО;Саратовская область;Филиал СамГУПС в Саратове;"Филиал ""Самарский государственный университет путей сообщения"" в Саратове";Негосударственный вуз;Государственный;www.samgups.ru;410004, обл Саратовская, г Саратов, проезд Интернациональный, 1А;8 (8482) 41-97-49;2342;;;;;Нет;Есть;;Есть;1300 — 2100 ₽;1300 — 2100 ₽;;;;;8 (8452) 41-97-49;;;;;;;4324
1000169;Северо-Кавказский ФО;Республика Дагестан;Дербентский филиал МПГУ;"Дербентский филиал ""Московский педагогический государственный университет""";Негосударственный вуз;Государственный;http://mpgu.su/ob-mpgu/struktura/filialyi/derbentskiy-filial/;368600, Республика Дагестан, г.Дербент, ул.Буйнакского, д.18;8 (87240) 4-05-50;от 11.12.2015 №1818, бессрочная;;;;;Нет;Есть;;;;;;;;;(87240) 4-05-50;;;;;;;4328
1000170;Южный ФО;Волгоградская область;Волгоградский филиал МГГЭУ;"Волгоградский филиал ФГБОУИ ВО ""Московский государственный гуманитарно-экономический университет""";Негосударственный вуз;Государственный;v-filial@mail.ru;400040, обл Волгоградская, г. Волгоград, ул им. Поддубного, д.15;+7(8442) 73-05-41;Лицензия Серия 90Л01 № 0008126 Регист. № 1147 от 24.11.2014г.;;;;;Нет;Есть;;Есть;547 — 1073 ₽;547 — 1073 ₽;;;;;+7(8442) 73-05-41;https://www.youtube.com/watch?v=pbc1O9pDOJc;;;;4.22;3.8;4329
1000171;Южный ФО;Республика Калмыкия;Калмыцкий филиал МГГЭУ;"Калмыцкий филиал ФГБОУ инклюзивного ВО ""Московский государственный гуманитарно-экономический университет""";Негосударственный вуз;Государственный;kfilial.mggeu.ru;358009, Респ Калмыкия, г Элиста, пр-кт им.Чонкушова П.О., ДОМ 7;8472236137;;;;;;Нет;Есть;;Есть;;;;;;;8472238691;;;;;;3.98;4330
1000172;Уральский ФО;Свердловская область;Филиал УРФУ в г.Верхняя Салда;"Филиал ""Уральский федеральный университет имени первого Президента России Б.Н. Ельцина"" в г. Верхняя Салда";Негосударственный вуз;Государственный;;624760, Свердловская область, г. Верхняя Салда, ул. Рабочей молодежи, 1;+7 (34345) 5-38-52;от 21.06.2016 №2214, бессрочная;;;;;Нет;Есть;;Нет;;;;;;;+7 (34345) 2-03-60, +7 (34345) 5-04-69;;https://vk.com/filial_urfu_vs;;;59.2;;4332
1000173;Центральный ФО;Московская область;Филиал МФЮА в Ступино;"Филиал АОЧУ ВО ""Московский финансово-юридический университет МФЮА"" в Ступино";Негосударственный вуз;Негосударственный;www.st.mfua.ru;142803, Московская область, г. Ступино, ул.Калинина, дом 42а;8-496-653-80-27;от 23.04.2015 №1402, бессрочная;;;;;Нет;Есть;;Нет;;;;;;;8-496-653-80-31;;https://vk.com/mfua_stupino;https://www.instagram.com/mfua_stupino;;;58.49;4336
1000174;Приволжский ФО;Республика Татарстан;КВТКУ;Казанское высшее танковое командное краснознаменное училище;Негосударственный вуз;Негосударственный;http://kvtkku.mil.ru;420059, Республика Татарстан, г. Казань, ул. Оренбургский тракт, д. 6;;;;;;;;;;;;;;;;;8 (843) 229-85-92;;;;;;;4338
1000175;Центральный ФО;г. Москва;МВОКУ;Московское высшее общевойсковое командное орденов Жукова, Ленина и Октябрьской революции краснознаменное училище;Негосударственный вуз;Негосударственный;http://mvoku.mil.ru;109380, г. Москва, улица Головачева, 2;;;;;;;;;;;;;;;;;8 (499) 175-82-45;;;;;;;4339
1000176;Уральский ФО;Свердловская область;Филиал УрГУПС в Нижнем Тагиле;"Филиал ""Уральский государственный университет путей сообщения"" в Нижнем Тагиле";Негосударственный вуз;Государственный;http://nizht.usurt.ru/;622013, обл Свердловская, г Нижний Тагил, ул Красногвардейская, ДОМ 4;8(343)29-64-68;от 31.03.2016 №2055, Приложение 9.1, бессрочная;;;;;Нет;Есть;;Нет;;;;;;;8(3435)29-71-41;;;;;57.18;51.02;4343
1000177;Центральный ФО;г. Москва;ИКП РАО;Институт коррекционной педагогики;Негосударственный вуз;Государственный;институт-коррекционной-педагогики.рф;119121, г Москва, ул Погодинская, 8;;;;;;;;;;;;;;;;;4992450452;;;;;;;4355
1000178;Центральный ФО;г. Москва;ИНЭОС РАН;Институт элементоорганических соединений им. А. Н. Несмеянова ;Негосударственный вуз;Государственный;ineos.ac.ru;119991, г Москва, ул Вавилова, 28;;;;;;;;;;;;;;;;;4991356165;;;;;;;4356
1000179;Центральный ФО;г. Москва;ЦЭПЛ РАН;Центр по проблемам экологии и продуктивности лесов;Негосударственный вуз;Государственный;www.cepl.rssi.ru;117997, г Москва, ул Профсоюзная, 84/32;;;;;;;;;;;;;;;;;4997430016;;;;;;;4357
1000180;Центральный ФО;г. Москва;ИСЛ РАН;Институт славяноведения Российской академии наук;Негосударственный вуз;Государственный;www.inslav.ru;119334, г Москва, пр-кт Ленинский, 32А;;;;;;;;;;;;;;;;;4959381780;;;;;;;4358
1000181;Центральный ФО;г. Москва;ИМЛИ РАН;Институт мировой литературы им. А.М. Горького РАН;Негосударственный вуз;Государственный;www.imli.ru;121069, , 25А;;;;;;;;;;;;;;;;;4956905030;;;;;;;4359
1000182;Центральный ФО;г. Москва;ИФР РАН;Институт физиологии растений им. К.А. Тимирязева РАН;Негосударственный вуз;Государственный;www.ippras.ru;127276, г Москва, ул Ботаническая, ДОМ 35;;;;;;;;;;;;;;;;;4996785400;;;;;;;4360
1000183;Центральный ФО;г. Москва;ИНСТИТУТ ФИЛОСОФИИ РАН;Институт философии Российской академии наук;Негосударственный вуз;Государственный;iph.ras.ru;109240, г Москва, ул Волхонка, ДОМ 12;;;;;;;;;;;;;;;;;4956979109;;;;;;;4361
1000184;Сибирский ФО;Новосибирская область;ИЯФ СО РАН;Институт ядерной физики имени Г.И.Будкера Сибирского отделения РАН;Негосударственный вуз;Государственный;www.inp.nsk.su;630090, обл Новосибирская, г Новосибирск, пр-кт Академика Лаврентьева, 11;;;;;;;;;;;;;;;;;3833294760;;;;;;;4362
1000185;Северо-Кавказский ФО;Республика Дагестан;ОАНО ДГИ;Дагестанский гуманитарный институт;Негосударственный вуз;Негосударственный;daggum.ru;367000, Респ Дагестан, г Махачкала, ул Дахадаева, ДОМ 136;;;;;;;;;;;;;;;;;89094803033;;;;;;;4363
1000186;Уральский ФО;Свердловская область;Филиал УдГУ в г.Нижняя Тура;"Филиал ""Удмуртский государственный университет"" в г. Нижняя Тура";Негосударственный вуз;Государственный;udgutura@.ru;624221, обл Свердловская, г Нижняя Тура, ул Нагорная, ДОМ 19;89122801876;от 28.06.2016 №2237. Бессрочно;;;;;Нет;Есть;;Нет;;;;;;;34342924793;http://udsu.ru/news/show/novyj-promo-rolik-udgu;;;;;;4365
